ra,dec,PA,dPA
0.9133951058533404,0.5442443520782633,-0.4472056848831221,0.13885970323768662
0.9133951266076814,0.5442785311733276,-0.3496402476568126,0.13022415449613758
0.9134351004612802,0.544312692242839,-0.05343706792044452,0.12492345464373364
0.9133951473628853,0.5443127102746999,-0.07288970332943666,0.11985535025303197
0.9134351220475875,0.5443468713490456,-0.24754111414136004,0.12881221528941048
0.9133952096336722,0.5444152476158702,0.6680333912208278,0.11760184842851343
0.9134351868118923,0.544449408704239,0.27754388708685074,0.13352385146814716
0.9133952303923266,0.5444494267416784,0.41773002432588097,0.14758186649080088
0.9121965368956956,0.5444496389469834,0.6999539922625108,0.12354104311129256
0.9121965327437882,0.544483818095108,0.6770031556913256,0.10347693659756835
0.9121565754542907,0.5444838142043745,0.4862170603403916,0.09817723575382138
0.9121166181655587,0.5444838096062348,0.29039238619095126,0.14924099343025246
0.913395271912224,0.5445177850109426,0.6988035804394418,0.1255531686795454
0.9122764448333216,0.5445180029087486,0.4170992964488325,0.15444540534160822
0.9122364867122598,0.5445180004326355,0.48651104715748056,0.13529141493894856
0.9119967380010727,0.5445179707192834,-0.9299871303474659,0.14484777337641433
0.9119567798862631,0.5445179632909461,-0.853431680461569,0.09867100397085879
0.9119168217728573,0.5445179551551487,-0.5625748001074908,0.11225554534198585
0.9118768636609824,0.5445179463118905,-0.13879463075718154,0.12814907772077397
0.9132354569996178,0.5445520292456005,-0.10727672685215878,0.1068107341818616
0.9122764423419699,0.54455218206889,0.21108590835103122,0.12835628125332912
0.9122364833904575,0.5445521795925856,0.21895264255008023,0.09337718044012186
0.9120366886431043,0.5445521565983329,-0.521528550197662,0.1279126972426573
0.9119967296965685,0.5445521498769361,-0.5983508508848615,0.10927101722534152
0.9119567707513089,0.5445521424480247,-0.575561311607526,0.11007914206788545
0.9119168118074529,0.5445521343115981,-0.46390855926863594,0.11014738811682051
0.9118768528651282,0.5445521254676566,-0.15026320049481776,0.14844758597641264
0.9123963191982934,0.5445863644187671,0.2911711103437999,0.10849890516723495
0.9123563594155304,0.5445863640649824,0.32885366483296163,0.1520811762210738
0.9122764398505148,0.5445863612347012,0.036365352734787276,0.09817004843470652
0.9122364800685173,0.5445863587582057,0.19372641113765976,0.10756026499618969
0.9120366811687396,0.5445863357621753,-0.2746794366272337,0.08674189551246729
0.9119967213917192,0.544586329040259,-0.36182226180713856,0.10810021100378728
0.911876842068825,0.5445863046290922,0.48229070105472494,0.12859153707815518
0.9131955312942092,0.5446204020654849,-0.2470758093239605,0.15826631041976036
0.9123963191982934,0.5446205435904145,0.40303228175525485,0.09164346795939193
0.9123563585850107,0.5446205432366019,0.3740571848012342,0.0776445563932199
0.9123163979718558,0.5446205421751648,0.03737351397333256,0.16271119375275167
0.912276437358956,0.5446205404061024,-0.33164200264470256,0.1173420221749018
0.9120366736940642,0.5446205149316072,-0.25716985640650936,0.08275326723297234
0.9119967130865245,0.5446205082091716,-0.38060974147791943,0.12966149006294006
0.9118368706704044,0.5446204742431853,-1.44770275217441,0.11787528059627583
0.9132355093223152,0.5446545667242837,-0.42502956442674006,0.12893063171328845
0.9130357022128933,0.5446546321846036,-1.0153294096018668,0.14654425613988484
0.9123963191982934,0.544654722767572,0.6125152778740882,0.12305180970064308
0.9123563577544567,0.5446547224137323,0.5964519723007304,0.11175416566626986
0.9118368590426503,0.5446546534149826,-1.226799970193637,0.1428699253937411
0.9117968976122148,0.5446546431536328,-1.323034878111767,0.14790907490003535
0.9131955645170431,0.5446887604033528,0.32456435415764867,0.10223197707429857
0.9131556022668689,0.5446887742041616,0.234456584562587,0.12778190642202855
0.9131156400142696,0.5446887872972378,-0.050843796242922755,0.1471483290543146
0.911836847414413,0.5446888325922106,-1.0357656824837853,0.10997051251202014
0.9131955811294958,0.5447229395803522,0.23770467270402493,0.15250760134349833
0.9131556180487002,0.5447229533822275,0.06649019915960314,0.159314303474092
0.9131156549654791,0.5447229664763151,-0.09601065139673369,0.1074515421658561
0.9129558026108947,0.5447230117747887,0.059343800082480615,0.11845794799837668
0.9118368357856922,0.5447230117747887,-0.9096522861293668,0.13823422136534488
0.9131156699173097,0.5447571456606639,-0.2575165534959159,0.10634235076771859
0.9130757060011346,0.5447571580479211,-0.29243703693937934,0.10334988339141722
0.9129957781624015,0.5447571806989083,-0.7262074117516651,0.11015766446696827
0.9129558142400989,0.5447571909626377,-0.11990952324647823,0.11938342117886398
0.9129158503160091,0.5447572005185243,0.26365180103197977,0.14186349581895955
0.9128758863902597,0.5447572093665677,-0.17415722139411313,0.10838756224708507
0.9128359224629786,0.5447572175067682,-0.6249432691289449,0.09686125218810086
0.9118767880805778,0.5447572005185243,-0.031827052861693884,0.15610028018824768
0.9114771489354208,0.5447570731067449,-0.5330640346922653,0.1521426888125384
0.9131156848697622,0.5447913248502027,-0.48156737667654015,0.12961417812472859
0.9130757201228961,0.5447913372384173,-0.43842582757234816,0.08669201424776726
0.9129957906227805,0.5447913598911547,-0.947873170231911,0.14309597297508214
0.9128758963585643,0.5447913885610297,-0.2515323351549514,0.10882811869919304
0.9128359316005914,0.5447913967018588,-0.4122690779893737,0.10544804145560077
0.9130757342452445,0.5448255164340242,-0.31321004762632,0.12256038266113711
0.9130357686654823,0.5448255281152442,-0.3850106894232731,0.15726906860038375
0.9129158719144502,0.5448255589111913,-0.1201615279319041,0.11443258658641131
0.9128759063272832,0.5448255677606019,-0.09762169572679799,0.05842283670580719
0.9128359407385842,0.5448255759020605,-0.12270686454679022,0.05756716921708006
0.9127959751484807,0.5448255833355663,-0.40516303130533754,0.08500395426583933
0.9127560095571006,0.5448255900611194,-0.49005293238081427,0.0816560757804037
0.9126361127765766,0.5448256059900622,-0.542947689517255,0.11150177207290424
0.9125961471813665,0.5448256098838045,-0.9422405752497456,0.11052876689600323
0.9129558491306121,0.544859728557009,-0.11331294916029029,0.14730594207610315
0.9129158827143442,0.5448597381151108,0.13199300950707923,0.09559957110175318
0.9128759162964166,0.5448597469652056,0.05067347932954803,0.04208341775664774
0.9128359498769567,0.5448597551072929,-0.18051616398058684,0.03363522961696735
0.9127959834560924,0.5448597625413736,-0.4023863149187581,0.028594725286412378
0.9127560170339514,0.5448597692674461,-0.3953050166705068,0.029335355248284286
0.9127160506106611,0.5448597752855115,-0.43214234328396445,0.05736951369727619
0.9125961513351728,0.5448597890916622,-1.0705468878488125,0.1302477542488256
0.9125162184814425,0.5448597947557244,0.45173866210069297,0.1496345440943987
0.9120366213626356,0.5448597692674461,-1.1200563225326265,0.1245844980700694
0.9131157297308494,0.544893862449165,0.44569874127136005,0.10872214833711584
0.9129958280070257,0.5448938974982394,0.0012502774294742805,0.13172738127422198
0.9129558607617503,0.5448939077651415,0.10009183249394507,0.08768663109067387
0.9129158935146873,0.5448939173239816,0.270131003181636,0.11968047792615395
0.9128759262659645,0.54489392617476,0.08183907752094255,0.05172762464217339
0.9128359590157092,0.5448939343174766,-0.23515877985863687,0.031844037874754906
0.9127959917640496,0.54489394175213135,-0.4108148160420346,0.020201743214587932
0.9127560245111129,0.5448939484787237,-0.4092277084840534,0.01897552972242715
0.9127160572570273,0.544893954497254,-0.504165518140298,0.026072897198832618
0.9126760900019201,0.544893959807722,-0.5520705629879759,0.042710832788101054
0.912636122745919,0.5448939644101279,-0.6704625456947523,0.08767654607299309
0.9118367776348367,0.5448939077651415,-1.2666427605493722,0.1453736408959593
0.9117968103895613,0.5448938974982394,-1.138686436280574,0.144531493898877
0.9135154252380588,0.5449278787918918,-1.0200645506866834,0.1180539314026519
0.9129958404694769,0.5449280767104503,-0.14424209632449841,0.11851674856290317
0.9129558723933721,0.5449280869781452,-0.043790576832193846,0.10599917885146726
0.9128759362359266,0.5449281053891859,0.1343270181512412,0.10791285570436461
0.9128359681548416,0.5449281135325318,-0.17940443823559746,0.05162856248541984
0.9127960000723521,0.5449281209677602,-0.41933857821923,0.023679017835516184
0.9127560319885855,0.5449281276948726,-0.47926867437093673,0.012618777441616533
0.91271606390366955,0.5449281337138678,-0.5910880290929074,0.009225902037709018
0.9126760958177322,0.5449281390247459,-0.5833460515341493,0.010332417033000899
0.912636127730901,0.5449281436275076,-0.48311559937216675,0.022197918612400794
0.9125961596433035,0.5449281475221521,-0.43629969137184155,0.09869151752821173
0.91307579074051,0.5449622332659632,-0.25601946160205125,0.08639981707833294
0.9130358218374999,0.5449622449507929,-0.3588837413229417,0.14375636043737453
0.9128759462063034,0.5449622846084035,-0.2711362859454215,0.11394800974290051
0.9128359772943541,0.5449622927523781,-0.32312378816833387,0.06444335572134026
0.9127960083809998,0.5449623001881813,-0.3761064205677171,0.018778145390792644
0.9127560394663687,0.5449623069158128,-0.48585064781895254,0.005318029997736713
0.9127160705505883,0.5449623129352732,-0.5729867669374709,0.0029026296353065776
0.9126761016337862,0.5449623182465617,-0.5570316014292881,0.003307287143994649
0.9126361327160902,0.5449623228496788,-0.46496883341481693,0.006961420959786504
0.912596163797628,0.5449623267446237,-0.3704723629970323,0.03243420318565489
0.9123163813576657,0.5449623341804287,1.3370147656523717,0.1513248670405676
0.9122364435180595,0.5449623299313974,0.2089127870622533,0.125646305856291
0.9103179383301881,0.5449613781509235,-0.22238360372626476,0.1423720579498055
0.9102779695857823,0.5449613409721005,-0.4111585861392161,0.10980691351666537
0.9102380008481457,0.544961303085118,-0.2564576057315597,0.15459841960601428
0.910038157265951,0.5449611030278176,0.21842626078984928,0.10310903048730982
0.9128759561770947,0.5449964638323325,-0.48767490488207316,0.10202228964994269
0.9128359864342463,0.5449964719769361,-0.5830475937699993,0.06583300905613937
0.9127960166899933,0.5449964794133135,-0.3829302435467665,0.01573490417794689
0.9127560469444631,0.5449964861414649,-0.4798510264311169,0.0038847367957082
0.9127160771977834,0.5449964921613902,-0.5547456339671354,0.0020943855630772942
0.9126761074500821,0.5449964974730891,-0.5493753850810166,0.0023414455170630444
0.9126361377014868,0.544996502076561,-0.45823517843248096,0.005254267120467027
0.9125961679521253,0.5449965059718072,-0.36498261805335586,0.02309866703295199
0.9118367427385207,0.544996445418447,-1.2511710791541653,0.09970367198058228
0.911796773000653,0.5449964351491658,-1.2008814612350431,0.09431507965287224
0.9103178951236023,0.544995557304837,0.17749738341672708,0.1471049044859411
0.9102779255483081,0.5449955201231423,0.26158505219436334,0.14677777814099108
0.9131557601147083,0.545030566212411,0.16312226582509345,0.14829484391320233
0.9128359955745189,0.5450306512061256,-0.5119426690145347,0.08457479310757886
0.9127960249993322,0.5450306586430775,-0.38312265150555,0.02055262069850205
0.9127560544228682,0.5450306653717487,-0.46697498283813155,0.00550371625327087
0.9127160838452548,0.5450306713921388,-0.5398617898656373,0.003053356159711187
0.9126761132666198,0.5450306767042479,-0.5388414191226862,0.003540713895654406
0.9126361426870907,0.5450306813080759,-0.4582623857008068,0.008102622010215556
0.9125961721067952,0.5450306852036231,-0.4224458370288474,0.03476173915648417
0.911836731105448,0.5450306246455855,-1.2505546313935068,0.08856046363199503
0.9117967605366473,0.545030614375511,-1.344610890865859,0.11326076353829126
0.9117567899697623,0.5450306033971566,1.5615710725009126,0.15200838023312996
0.9117168194049206,0.5450305917105213,-1.5092054459653603,0.15357813667127929
0.9116768488422502,0.5450305793156062,-0.9356081314149078,0.13062940841231604
0.9116368782818786,0.545030566212411,-0.6185571048088856,0.1478894446014129
0.9115569371685434,0.5450305378811818,-0.2552727796578202,0.10848383953605166
0.910277881509003,0.5450296992788151,0.23481772110286087,0.15168892578382825
0.9128360047151713,0.5450648304398673,-0.5815799786144408,0.09527483591839425
0.9127960333090165,0.5450648378773933,-0.5126394052739269,0.035274252619738634
0.9127560619015843,0.5450648446065844,-0.4924503441778289,0.013185871066421048
0.9127160904930027,0.5450648506274395,-0.5133821793346822,0.008283017279119509
0.9126761190833994,0.5450648559399583,-0.4926971419899978,0.009800075709027226
0.9126361476729018,0.5450648605441423,-0.4413802743297045,0.019837823248072487
0.9125961762616378,0.5450648644399899,-0.5405790939830327,0.05330169017469783
0.9122364335468517,0.5450648676275021,1.4940051060362334,0.14446437531972556
0.9118367194718918,0.5450648038772758,-1.5651939138054765,0.093284438986662
0.9117967480721232,0.5450647936064081,1.425622753282024,0.13521525867181775
0.9116768338848238,0.5450647585437957,-0.8376503569179922,0.08654065447758591
0.9116368624934851,0.5450647454395888,-0.7049925733718735,0.09883337127625505
0.9115968911045732,0.5450647316270472,-0.28050342279737667,0.13844048556084482
0.9115569197182156,0.545064717106171,-0.11718874821226097,0.11707769852054611
0.9101978950139537,0.5450638019391906,-0.3369029757653272,0.14833959742874664
0.912995902789506,0.5450989728417774,-1.4393487581162827,0.13999632465105274
0.9129559305587351,0.5450989831134383,-1.2379324275559753,0.10352363009954868
0.9129159583261761,0.545098992676709,-1.0563321498635192,0.0955712176656694
0.9128759860919564,0.5450990015315901,-0.9256670472183,0.09335500233248531
0.9128360138562039,0.5450990096780809,-0.7611645135161206,0.10412758671593753
0.9127960416190464,0.5450990171161815,-0.7702137652264044,0.05894158669650146
0.9127560693806115,0.5450990238458917,-0.5997978319842511,0.02992595630045709
0.912716097141027,0.5450990298672118,-0.4970642886609043,0.023968956672143778
0.9126761249004207,0.5450990351801415,-0.4129317610760597,0.028052044497886165
0.9126361526589201,0.5450990397846807,-0.41156856335929687,0.03852945226127155
0.9125961804166532,0.5450990436808294,-0.5274181086313439,0.05195467960267636
0.9125562081737477,0.545099046868587,-0.41201581910331975,0.13822120020409603
0.9118367078378518,0.5450989831134383,1.3077593876696125,0.11956578450935312
0.9129959152550667,0.5451331520815385,-1.4901859430228699,0.11608654664713941
0.9129559421932588,0.5451331623539926,-1.1608862747352358,0.10221984145957021
0.9129159691296629,0.5451331719180019,-0.8930096368675253,0.06521848595196683
0.9128759960644062,0.5451331807735665,-0.7849890477409376,0.06620216519022039
0.9128360229976165,0.5451331889206865,-0.8862796796998598,0.15035827834579776
0.9127960499294216,0.5451331963593619,-0.9723976349451164,0.10259654753206852
0.9127560768599495,0.5451332030895918,-0.6110307684058797,0.061556123590951736
0.9127161037893277,0.545133209111377,-0.5076563470926095,0.042127080974804325
0.9126761307176838,0.5451332144247168,-0.5085768494391416,0.0420863342197479
0.9126361576451459,0.5451332190296112,-0.5077163822327979,0.06243223578590177
0.9125961845718414,0.5451332229260609,-0.5151222429374406,0.10115923166284184
0.9125562114978983,0.545133226114065,-0.481979772728305,0.1149811259414272
0.9125162384234442,0.5451332285936237,-0.6058497795044872,0.12526832486521966
0.9124762653486069,0.5451332303647368,-0.6448769252735338,0.12981460909072137
0.911676803968105,0.5451331170135106,-1.073773810978183,0.12413479777350275
0.9116368309147282,0.5451331039072794,-0.9933229585137637,0.08743395847852603
0.9115968578637786,0.5451330900926047,-1.0109281006025994,0.1258362420210301
0.912915979933599,0.54516735116360715,-0.8395370903602499,0.14196291514870638
0.9128760060372706,0.5451673600198556,-0.8430490753375567,0.1402827860127558
0.9128360321394092,0.5451673681676046,-1.1274273550590805,0.1554374067696392
0.9127960582401426,0.5451673756068541,-1.1686739907673487,0.10060626509596766
0.91275608433959865,0.5451673823376038,-0.6691353836829702,0.1359159907929449
0.9127161104379048,0.545167388359854,-0.4453031170653647,0.06937910787818102
0.9126761365351891,0.5451673936736039,-0.5675415518567692,0.05972652109040167
0.912636162631579,0.5451673982788541,-0.6625882464238502,0.10115599891449417
0.9125562148221871,0.5451674053638547,-0.810434225779702,0.10315591803369369
0.9125162409166608,0.5451674078436052,-0.6300286499155974,0.07058867706263806
0.9124762670107512,0.5451674096148553,-0.7107977510391087,0.12751397689177588
0.9116368151243651,0.5451672831476335,-0.9863789031291413,0.11892368726154093
0.9113969718731226,0.5451671896257109,-0.04180403774561733,0.1327125765846145
0.9128360412815822,0.545201547418755,-1.1987127823178787,0.09356883787523222
0.9127960665512092,0.5452015548585794,-1.1579966634522532,0.08968136792205147
0.9126761423529361,0.5452015729267238,-0.59412779856263,0.10578517158922393
0.9126361676182194,0.5452015775323295,-0.6847857255285356,0.10557884471789943
0.9125961928827363,0.5452015814293806,-1.0345281776233684,0.10155652284835054
0.9125562181466141,0.5452015846178774,-0.883867832363395,0.07564011146467849
0.9125162434099813,0.545201587097819,-0.6396940458729369,0.06135185543982502
0.9124762686729648,0.545201588869206,-0.8043962226287105,0.08439137948633549
0.912436293935693,0.5452015899320382,-1.0647930752437518,0.13063142573723852
0.9120765213098284,0.5452015676125633,1.1914314811943096,0.12119607492585734
0.9118366729328291,0.5452015208479584,0.3125801918176393,0.15102016400508153
0.9117966982088441,0.545201510573918,0.22020039328706242,0.09538417793480287
0.9117567234867754,0.5452014995913237,-0.10027024290470085,0.10388939847486624
0.9113569763995955,0.5452013507949518,0.04047852080853822,0.12360676933479167
0.9128360504241352,0.5452357266740582,-1.1484691813724728,0.1096213064978058
0.9127960748626214,0.5452357341144564,-1.065172688123965,0.08208008161013457
0.9127560992998299,0.5452357408462455,-0.9014060640630204,0.10775983518038651
0.9126361726050671,0.5452357567899574,-0.8051106263626774,0.10943167053813788
0.9125961970384429,0.5452357606873095,-0.9295596067826981,0.07595972382300638
0.9125562214711794,0.5452357638760522,-0.8867381735818721,0.08950956893773007
0.9125162459034052,0.5452357663561854,-0.7885063988448867,0.10656657353393925
0.9124762703352475,0.545235768127709,-0.8712055402456765,0.1373034809473625
0.9120765146606984,0.5452357468694253,1.23831148654027,0.09254117475468383
0.912036539096757,0.5452357408462455,1.0977381680360188,0.12090043306197895
0.9119166124123433,0.545235718525051,-1.445680479804272,0.13835691722573165
0.9118366612968539,0.54523570010121,-0.14557872359342885,0.1538799405664272
0.9117966857417285,0.5452356898263764,-0.0696508742360151,0.07082876242316208
0.9117567101885192,0.5452356788429342,-0.10442508142571322,0.07000516224606014
0.9117167346373545,0.5452356671508837,-0.384346704993607,0.1436789763041138
0.9116767590883618,0.5452356547502251,-0.619933709274607,0.07570224813123966
0.9116367835416688,0.5452356416409578,-0.6399795641527728,0.062182796498564626
0.9115968079974033,0.5452356278230827,-0.46866732024687496,0.09597054263783031
0.9113169792662484,0.5452355112569486,0.46876587204447173,0.10032137910153531
0.9112370282293348,0.5452354715748778,0.009784605852102293,0.1508489984683365
0.9129559887361921,0.5452698793585344,-1.5685077367695603,0.13265231849703013
0.9129160123481026,0.545269888925498,-1.4173566950453538,0.0868584962079976
0.9128760359583521,0.545269897783798,-1.253792687109539,0.11471713991826304
0.9128360595670685,0.5452699059334339,-1.0905510309095923,0.1231218200082072
0.9127960831743791,0.5452699133744066,-1.1120284966724774,0.08934539493278769
0.9127561067804121,0.5452699201067155,-1.1288802206155588,0.08249120399451162
0.9127161303852951,0.5452699261303604,-1.12809212071644,0.10848728919179457
0.9126761539891559,0.5452699314453413,-1.303197993191678,0.09980743132435353
0.9126361775921223,0.5452699360516582,-1.0205577271178736,0.1397465938956204
0.9123563427985767,0.5452699484532815,-0.43790968320286877,0.14081832809709027
0.9121964372022648,0.5452699399493112,0.9908941012964867,0.14740644064082786
0.9121164844074311,0.5452699314453413,1.2988774463273918,0.15220149994316995
0.9120765080112919,0.5452699261303604,1.4100820031654149,0.12029591939353804
0.9119166024382348,0.545269897783798,-1.3659300145421187,0.1405675274102998
0.9118366496603948,0.5452698793585344,-0.8297626641616845,0.136321353626922
0.9117966732740944,0.5452698690829078,-0.5220153108657106,0.09079401744056714
0.9116767441272031,0.545269834004048,-0.45471537070514845,0.0751477041252167
0.9116367677493354,0.545269820893769,-0.49299692736550155,0.048725869367615166
0.9115967913738957,0.5452698070748274,-0.4478715813877574,0.039166791098893254
0.9115568150010115,0.5452697925472234,-0.28822027977803866,0.07050163378101172
0.9129160231538358,0.5453040681875535,-1.1560165775995759,0.11761576835422631
0.9128760459328755,0.5453040770465374,-0.8226602953775051,0.08432911200562981
0.9128360687103818,0.5453040851968026,-0.9485315471396575,0.09606273171563863
0.9127960914864826,0.5453040926383497,-1.1655502781762754,0.08973713909832476
0.9127561142613054,0.5453040993711782,-1.2572913094807134,0.08501087154978663
0.9127161370349782,0.5453041053952882,-1.2482542886150978,0.08971921718860203
0.9126761598076288,0.5453041107106794,-1.2870675791329662,0.11630621235104402
0.9125162508905643,0.5453041248850568,-1.389859928517985,0.14313303550277034
0.9122763875060227,0.5453041248850568,-0.9801771149691537,0.1031357571450157
0.9121564558172021,0.5453041153173516,1.4117360669033547,0.10601775921860644
0.9121164785889582,0.5453041107106794,1.4523743210671671,0.12266096860283593
0.9120765013616088,0.5453041053952882,1.3241330843399384,0.1439114390602422
0.9120365241352815,0.5453040993711782,1.402003362324754,0.1362435192603356
0.9119965469101045,0.5453040926383497,1.3486261612526027,0.14182001975556463
0.9119565696862051,0.5453040851968026,-1.5423362034319386,0.08459216504672973
0.9119165924637115,0.5453040770465374,-1.4539732232608475,0.09145716433519147
0.9118766152427511,0.5453040681875535,-1.5327375747997165,0.1274116275740011
0.9117966608059416,0.5453040483434316,-0.6367883064653008,0.1156847187226112
0.9116767291654224,0.5453040132618644,-0.07603610162478128,0.09337415323035453
0.9116367519563456,0.5453040001505731,-0.308355694439082,0.04204698456460961
0.911596774749697,0.5453039863305651,-0.38850782095170516,0.026113514017904238
0.9115567975456037,0.545303971801839,-0.3397548241706511,0.03785823185864409
0.9115168203441939,0.545303956564396,-0.2655427894653581,0.10426998896765044
0.9112369800201945,0.5453038300582345,-0.8909179023049617,0.11764492950838469
0.9128760559078137,0.5453382563131901,-0.5896649222517943,0.14706124084018005
0.9127960997989317,0.5453382719062054,-1.3215071591677552,0.09838978111055306
0.9127561217425099,0.5453382786395538,-1.2595852938363812,0.06864927956372115
0.9127161436849378,0.5453382846641291,-1.1353621265598146,0.06880316220484765
0.9126761656263437,0.5453382899799304,-1.006590739123353,0.1053779462075956
0.9125962095065995,0.5453382984852132,1.112706981856352,0.1550736936062813
0.912556231445705,0.5453383016746944,1.518035142549863,0.10495861958899778
0.9125162533842993,0.5453383041554021,-1.3925150140772677,0.08470036456663822
0.9124762753225103,0.5453383059273361,-1.429843165725349,0.08941973552876228
0.9124362972604658,0.5453383069904966,-1.4715123046848912,0.08738254065304304
0.9123963191982934,0.5453383073448831,-1.4034552183212399,0.08490798743822753
0.9123563411361211,0.5453383069904966,-1.398429041024937,0.13069591386938037
0.9123163630740766,0.5453383059273361,-1.505837491001384,0.1208627386427086
0.9122763850122876,0.5453383041554021,-1.337031449550449,0.09090354374784468
0.912236406950882,0.5453383016746944,-1.020260724950092,0.13566819113019235
0.9121964288899875,0.5453382984852132,-1.4204303021285,0.14670691325792487
0.9121564508297321,0.5453382945869585,1.4538175814569636,0.07629586655265674
0.9121164727702433,0.5453382899799304,1.406874569055768,0.14264631937368416
0.9119965385976553,0.5453382719062054,1.5313589821274103,0.12872842757575167
0.9119565605425115,0.5453382644640845,-1.4553664455616084,0.06283283477142296
0.9119165824887733,0.5453382563131901,-1.3362877591654028,0.06948410654784463
0.9118766044365685,0.5453382474535223,-1.4121941311939719,0.12300655080444926
0.9116367361626989,0.5453381794112901,-0.2770204188864504,0.06341352107683419
0.9115967581248068,0.545338165590215,-0.31309783776790095,0.03764192098476796
0.9115567800894702,0.5453381510603675,-0.3024282985926313,0.053194811685236605
0.9112369559141206,0.5453380093058219,-0.9642478683724724,0.14679428394996474
0.9128360869981494,0.5453724437351991,-1.5527868517134424,0.14420489170601747
0.9127961081117264,0.5453724511778952,-1.373641463212549,0.101953161095264
0.9127561292240253,0.5453724579117628,-1.2201116272030612,0.05919503450590022
0.9127161503351741,0.5453724639368027,-1.143324777306595,0.05859877979904449
0.9126761714453004,0.5453724692530146,-1.1327294775944134,0.07625126209107803
0.9125562347708234,0.5453724809486812,-1.5449862349125347,0.13141326832336822
0.9125162558781381,0.5453724834295804,-1.2197566989606068,0.09210572828065623
0.9124762769850695,0.5453724852016516,-1.2868777934354299,0.08123150198667548
0.9124362980917454,0.545372486264894,-1.50907743949596,0.07590568682574692
0.9123963191982934,0.545372486619308,-1.536082627915852,0.06926056350128394
0.9123563403048416,0.545372486264894,-1.5110473137838112,0.07799391398815024
0.9123163614115174,0.5453724852016516,1.5222009740175457,0.06224946346241861
0.9122763825184489,0.5453724834295804,1.5496687886875449,0.06255082821892065
0.9122364036257636,0.5453724809486812,-1.452268041950198,0.14419089096786683
0.9121964247335896,0.545372477758954,1.4248841263321705,0.13143449801847057
0.9121564458420547,0.5453724738603983,1.3622146645095445,0.055432115674480094
0.9121164669512866,0.5453724692530146,1.3341412416454133,0.06998696906086928
0.9120365091725616,0.5453724579117628,-0.9799242296762819,0.13144167546055238
0.9119565513984376,0.5453724437351991,1.5542530773434564,0.09895788403058015
0.9119165725134202,0.5453724355836757,-1.4528247314370033,0.14217496567568638
0.9114368260493808,0.5453722824768651,0.7664056935670094,0.14101179619402351
0.9113968471942682,0.5453722651105916,0.8501066171500173,0.08237558106060809
0.9113568683423502,0.5453722470354923,0.7129950455779983,0.14739044667769285
0.9128360961426036,0.5454066230100674,-1.1643702437740542,0.13218509451466623
0.9127961164248668,0.5454066304533378,-0.9071463280436447,0.14860957693633026
0.912756136705852,0.5454066371877251,-0.9133522013064135,0.09732492712924734
0.9127161569856869,0.5454066432132304,-1.0441631035923715,0.10293427442761913
0.9126761772644992,0.5454066485298524,-1.0298688944455703,0.12131743824939205
0.9125162583720806,0.5454066627075125,-1.3495252293993247,0.10981836527488555
0.912476278647698,0.54540666447972,-1.4961435877051286,0.10426777372649469
0.9124362989230597,0.5454066655430445,-1.5246431686629875,0.10118949098229323
0.9123963191982934,0.5454066658974861,-1.5173472471094227,0.08314064526233321
0.9123563394735273,0.5454066655430445,1.5031413294859945,0.060549417093224096
0.912316359748889,0.54540666447972,1.428298035232639,0.056312502590684134
0.9122763800245063,0.5454066627075125,1.5651227732917632,0.0632814628598512
0.912236400300507,0.5454066602264217,1.493702288363952,0.10470346273276976
0.912196420577019,0.5454066570364483,1.1673184253318745,0.05763989874624558
0.9121564408541699,0.5454066531375917,1.3010378095092585,0.034806786024274394
0.9121164611320877,0.5454066485298524,1.325282168404188,0.045232456220939125
0.9120764814109001,0.5454066432132304,1.3105943007287306,0.14464532941490277
0.912036501690735,0.5454066371877251,-1.2874921135213644,0.11532910758456612
0.9119965219717202,0.5454066304533378,-1.42379892214507,0.08478527915094601
0.911756643688943,0.5454065751604799,-0.11117487690468478,0.13696398233523546
0.9117166639815585,0.5454065634639161,-0.12583277501119636,0.12272093350174255
0.9116367045734354,0.5454065379441435,0.5308396418162774,0.14727072345072112
0.9113968264114343,0.5454064443716734,0.7546919056469288,0.12133338490197032
0.9113568467282048,0.545406426295179,0.5387695666024803,0.1082638116699643
0.9127961247383529,0.5454408097324537,-0.676550066709001,0.12174758629406539
0.9127561441879898,0.545440816467361,-0.4775658835229863,0.10268027465109875
0.9127161636364761,0.5454408224933309,-0.4119873442878688,0.1488941033583975
0.9125962219763116,0.5454408363176159,1.2922577276722056,0.13362766731902206
0.9125562414214748,0.5454408395078353,1.1703993521659568,0.11809415909136657
0.9125162608661269,0.5454408419891175,-1.5533138521541434,0.13905673882008693
0.9124762803103954,0.5454408437614618,-1.45750971472671,0.10184566501264658
0.9124362997544084,0.5454408448248685,-1.521142772904049,0.10495107576176993
0.9123963191982934,0.5454408451793374,1.4661026556092394,0.09332347328637146
0.9123563386421786,0.5454408448248685,1.3985019567609684,0.06518413548526172
0.9123163580861915,0.5454408437614618,1.3689561993575223,0.06379584590282812
0.9122763775304601,0.5454408419891175,1.482434264856441,0.10686484746406766
0.912236396975112,0.5454408395078353,1.2394920957376627,0.1252220180297766
0.9121964164202754,0.5454408363176159,1.1855787806728773,0.04829414218974048
0.9121564358660778,0.5454408324184586,1.317163165300988,0.034182222957363485
0.912116455312647,0.5454408278103635,1.3389325992576764,0.0424872335988373
0.9120764747601108,0.5454408224933309,1.3670606819476652,0.0944514776098517
0.9120364942085972,0.545440816467361,-1.4715514084404486,0.13963826849277902
0.911996513658234,0.5454408097324537,-1.5284462979842925,0.09120900975344924
0.9117966109281459,0.5454407654238588,-0.019462124604116175,0.13208499153186976
0.9117566303873685,0.5454407544353289,0.15618589405696223,0.1309507041583321
0.9113568251131606,0.5454406055585391,0.2839830779711629,0.14543632581543384
0.9110769616113373,0.5454404591631494,0.5895014265419997,0.10724115800232506
0.912796133052185,0.5454749890151633,-0.7256764982911511,0.10209177252106123
0.9127561516704388,0.5454749957505902,-0.41483717614349924,0.08924486361789621
0.91271617028754215,0.5454750017770249,-0.3968235072142732,0.09735290257389088
0.9126761889036229,0.5454750070944681,-0.5156278551237007,0.15964396654562635
0.912596226133228,0.545475015602377,1.403233246419706,0.09206467731996333
0.9125562447470081,0.5454750187928427,1.1993246345176305,0.07590710210651214
0.9125162633602768,0.5454750212743166,1.2918494454617069,0.09546030462949802
0.9124762819731621,0.5454750230467972,1.5387446148564896,0.11253503300441303
0.9124363005857917,0.5454750241102861,1.4713311123709312,0.07437800275013429
0.9123963191982934,0.5454750244647822,1.3425654480802471,0.06603866743400987
0.9123563378107953,0.5454750241102861,1.3907634678899166,0.07857199100295695
0.9123163564234249,0.5454750230467972,1.343964117851009,0.0758903997600007
0.9122763750363102,0.5454750212743166,1.289333846516542,0.13062715752136805
0.9122363936495789,0.5454750187928427,1.1974819476667575,0.0984343389318852
0.9121964122633589,0.545475015602377,1.2633968414307561,0.03773652991200137
0.9121564308777781,0.5454750117029187,1.3118001617932449,0.024957707766399394
0.9121164494929641,0.5454750070944681,1.3466580797419248,0.03455702672458408
0.9120764681090449,0.5454750017770249,1.4605887173097152,0.06979943685728804
0.9120364867261482,0.5454749957505902,1.2079134184048976,0.12474449302083843
0.911996505344402,0.5454749890151633,1.1059157145231548,0.08272686780927327
0.9119565239639339,0.5454749815707439,1.1021261981452988,0.1344825996580194
0.9117965984574004,0.5454749447031488,-0.3741858058216011,0.1544351457761664
0.9117166357151262,0.5454749220154018,0.9001289011701509,0.11451922902532631
0.9116766543471846,0.5454749096080415,0.8966499921404506,0.11990493584093624
0.9110769341757353,0.5454746384188058,0.3526924307217451,0.12283828418412066
0.9110369528599448,0.545474614667611,0.5332905212767893,0.14992233319645176
0.9107570837782545,0.5454744285576117,-1.2602742195343246,0.13005099898144762
0.91071710250081,0.5454743991345244,-1.464980558923551,0.09723362564985268
0.9127161769388846,0.5455091810642334,-0.7281860371075861,0.13793763899622347
0.9126761947235479,0.5455091863820862,-0.5855837601171642,0.14018783210192076
0.9125962302903173,0.545509194890652,1.2075782389173364,0.15055777218335797
0.9125562480726797,0.545509198081364,1.1925907852647577,0.08416772308260492
0.9125162658545305,0.545509200563029,1.3083968415424119,0.0774710193348452
0.9124762836359979,0.5455092023356469,1.377807448299821,0.09900514295915594
0.9124363014172095,0.5455092033992176,1.4084553174999017,0.0763314663842599
0.9123963191982934,0.545509203753741,1.4156380741523327,0.09035455754644271
0.9123563369793775,0.5455092033992176,-1.5022733835717481,0.11508799009700688
0.9123163547605891,0.5455092023356469,-1.545522131740349,0.12865047759380005
0.9122763725420565,0.545509200563029,1.1778963459280072,0.14987069469741923
0.9122363903239074,0.545509198081364,1.1816398896943001,0.06921563630305715
0.9121964081062696,0.545509194890652,1.2871190651455375,0.030561461883425182
0.9121564258892709,0.5455091909908929,1.2774592254210715,0.02260592361885019
0.9121164436730391,0.5455091863820862,1.2748190271385762,0.02819504243892563
0.9120764614577023,0.5455091810642334,1.373930249511131,0.06711628840774723
0.912036479243388,0.5455091750373332,1.0949144048604436,0.07742302169368406
0.9119964970302243,0.5455091683013866,1.094883425123207,0.04995661822458462
0.9119565148183388,0.545509160856393,1.1422468962698005,0.07884402221862502
0.911076906738992,0.5455088176779751,0.22242144067256908,0.11642923714817396
0.910757049690212,0.5455086078005875,-1.326126819219188,0.12682446735284758
0.9107170675813565,0.5455085783752298,-1.4404573635427875,0.13158590474145065
0.9124363022486621,0.5455433826915829,1.5676387693789642,0.1042494969395121
0.9123963191982934,0.5455433830461337,-1.4571065369482787,0.09425350654806704
0.9123563361479249,0.5455433826915829,-1.2407922574637482,0.09673793149222704
0.9123163530976841,0.5455433816279298,-1.2803495682334025,0.1270866491227785
0.9122363869980975,0.5455433773733189,1.207257267253169,0.05226475337616393
0.9121964039490073,0.5455433741823605,1.3294884861857166,0.02947099306977632
0.9121564209005563,0.5455433702823006,1.2996351885358908,0.02261374716245032
0.9121164378528722,0.545543365673139,1.2822835468369667,0.026533519103892275
0.9120764548060831,0.5455433603548754,1.3181406248089333,0.07589900638060215
0.9120364717603165,0.54554335432751,1.3043645582118126,0.10222623393505588
0.9119964887157007,0.5455433475910436,1.2004201621753035,0.04664392716219923
0.9119565056723632,0.5455433401454759,1.0844819530925058,0.04828433980545357
0.9119165226304319,0.5455433319908063,0.9269967024633597,0.0822997579096841
0.9107969985462939,0.5455428157655298,-1.3482595622377362,0.15334656612933137
0.9107570156007516,0.5455427870469967,-1.2162248741816104,0.14051169129999494
0.9107170326604507,0.5455427576193687,-1.1441358613564248,0.13648328508280483
0.9099973407770285,0.5455421066672863,0.5512353641247515,0.1561771483770845
0.9128761257439976,0.5455775112826141,-0.35913612522282357,0.11891684296754677
0.9123963191982934,0.5455775623418805,-1.2445630593067096,0.15576005728694678
0.91231635143471,0.5455775609235676,-1.3935139923984228,0.11510488133368015
0.9122763675532379,0.5455775591506759,1.3411090236238887,0.08022117562680539
0.9122363836721493,0.5455775566686284,1.2689149266929167,0.042232518890909496
0.9121963997915721,0.5455775534774236,1.2992417826804505,0.030748037061347367
0.9121564159116341,0.5455775495770625,1.2983480847931326,0.028307293605940316
0.9121164320324632,0.5455775449675453,1.2387971625143792,0.03362590674744264
0.9120764481541872,0.5455775396488717,1.1908631203958109,0.12073935288766853
0.9119564965260072,0.5455775194379122,1.029826332465618,0.11729137000683612
0.9119165126525894,0.5455775112826141,1.2633716474067223,0.1606740716752543
0.912516273337914,0.5456117384494508,1.2992693518525975,0.1231612970458957
0.9124762886249203,0.5456117402224793,-1.4098509969919724,0.15320874191408845
0.9124363039116709,0.5456117412862957,-0.8831731931007156,0.08257139715691783
0.9123963191982934,0.5456117416409014,-0.9336101871955577,0.11914796336845895
0.9123563344849162,0.5456117412862957,1.553032677639306,0.14724873669032462
0.9123163497716668,0.5456117402224793,1.476224050316181,0.05951355737634123
0.9122763650586729,0.5456117384494508,1.412818961914139,0.04308413008331588
0.9122363803460628,0.5456117359672114,1.235013082714513,0.03817869980771395
0.9121963956339639,0.5456117327757605,1.2015242182391581,0.03342268491286542
0.9121564109225045,0.5456117288750987,1.2303494252817926,0.03136904499184467
0.912116426211812,0.5456117242652254,1.173811259549393,0.043208109687962244
0.9120764415020147,0.5456117189461417,0.7918604804221344,0.12547066044630908
0.9105970090371243,0.5456110235658984,-0.06415547920472969,0.12953249532462152
0.912436304743227,0.5456459205884837,-0.9812283264002034,0.07872604171706145
0.9123963191982934,0.5456459209431168,-0.9754889492170777,0.07796371323995217
0.9123163481085542,0.5456459195245849,1.368113566980378,0.08813381753057549
0.9122763625640044,0.5456459177514202,1.4112873467938027,0.06254240172986772
0.912236377019838,0.5456459152689889,1.1821397592769798,0.04218342639615627
0.912196391476183,0.545645912077292,1.259680743544873,0.028427873690717954
0.9121564059331674,0.5456459081763289,1.4005642423366798,0.03292150143513301
0.9121164203909189,0.5456459035661003,1.4426505848483542,0.06921686297573341
0.9120764348495655,0.5456458982466061,0.8046150838007632,0.15511478036761223
0.9125562647031122,0.5456800945738811,-1.5219562654893832,0.12911073477095958
0.912516278327355,0.5456800970565032,1.538085363891743,0.15315528265641667
0.9124363055748178,0.5456800998937865,-1.2167002290721143,0.09151844538969345
0.9123963191982934,0.5456801002484465,-0.9989308162650281,0.08705395638961962
0.9122763600692319,0.5456800970565032,1.2841259342662665,0.10646042109988477
0.9122363736934748,0.5456800945738811,1.120590443282209,0.038820734446805956
0.912196387318229,0.5456800913819377,1.2554933161309483,0.02557888249165085
0.9121564009436227,0.5456800874806741,1.5086508483913261,0.033945028376885046
0.9121164145697835,0.5456800828700895,-1.483477354854256,0.0847844753673116
0.91271621685275,0.5457142568567988,-0.8876959348485924,0.09829117519103547
0.9125562680296139,0.5457142738818078,-1.3505205726876648,0.14986694976722442
0.9125162808222314,0.5457142763646216,-1.4232869711950213,0.15729299417742806
0.9124762936144653,0.5457142781380602,-1.4214873586440935,0.1240771348087223
0.9124363064064432,0.5457142792021232,-1.3113896977461683,0.1297855615400332
0.9122363703669731,0.5457142738818078,1.1440987703004348,0.042964073652714756
0.9121963831601021,0.5457142706896182,1.2292530158706532,0.02389578506922019
0.9121563959538705,0.5457142667880538,1.3569188925186046,0.04103688854124651
0.9120364343402908,0.5457142508271087,0.9393658247277672,0.14398446612123922
0.9127162235060294,0.5457484361663669,-1.1254723368869628,0.1146072041183125
0.9125162833172112,0.5457484556756946,-1.3818201698662191,0.15265056389404466
0.9124762952777851,0.5457484574492698,-1.3695648675762055,0.12743021324279752
0.9122363670403332,0.5457484531926889,1.3624482399219584,0.06508978196160603
0.9121963790018022,0.5457484500002535,1.222763107332012,0.029528154710125407
0.9121563909639108,0.5457484460983877,1.082541599703877,0.044732145296202695
0.9121164029267865,0.5457484414870922,0.8186997573268594,0.13269482371671573
0.9120364268553516,0.5457484301362114,0.9600267987082005,0.13302443621954468
0.9124762969411744,0.5457826367633545,-1.455623119484904,0.1488955893425651
0.9123963191982934,0.5457826381823242,-1.2553196653626113,0.1263523731595209
0.9123563303267891,0.5457826378275819,-1.0739508329136491,0.08445531157462749
0.9122363637135549,0.5457826325064454,1.518743852326535,0.12326625425091485
0.9121963748433294,0.5457826293137636,1.1471772997330254,0.054798285485188496
0.9121563859737433,0.5457826254115968,0.8628804569084607,0.06454002717826193
0.9121163971049248,0.545782620799946,0.5111886871242347,0.15278332008782752
0.912676247113766,0.5458168001155944,-1.377725898239659,0.1199875994891699
0.9124363089015272,0.5458168171445433,1.3812380366539152,0.1424093297997531
0.9121963706846835,0.545816808630069,1.0711419775220574,0.11785030628893418
0.9111966286762012,0.5458164982067883,0.08744650703475026,0.116552747480037
0.9127162501219147,0.5458851534325904,-0.051428886710736484,0.15742941962194765
0.9126762587587005,0.5458851587549575,0.16574082709568788,0.14749354478720564
0.9127562489706016,0.5459193267232539,-0.2906641584884442,0.15801165876072792
0.9126362723855888,0.5459193426915858,0.7442915594205496,0.14635183500533339
0.9125962801888788,0.5459193465949561,0.6467324734919463,0.08274589340524208
0.9125562879915294,0.5459193497886224,0.5340216906908104,0.0761966649801781
0.9125162957936681,0.5459193522725856,0.7739887325338325,0.1289733880620246
0.9119564050415203,0.5459193125291822,-1.0702087801446605,0.12791610271033466
0.9119164128513346,0.5459193043675915,-1.2572429483551961,0.07815124132765115
0.9126362773767942,0.5459535220179715,1.0409144890163968,0.11510548973117138
0.9125962843482168,0.5459535259216425,0.8341579469495383,0.06730305475750653
0.9125562913189997,0.5459535291155555,0.742665681533115,0.05054885969573548
0.9125162982892709,0.5459535315997099,0.8361225970723504,0.0636763079306449
0.9124763052591583,0.545953533374106,0.8006439888216615,0.13367791471240476
0.9119563958909785,0.5459534918532424,-0.9740109091100697,0.09829618102263034
0.9119164028689257,0.5459534836910226,-1.0733842579490664,0.10021147095790824
0.9126362823682072,0.5459877013467531,1.1551643373419604,0.14711126435852395
0.9125962885077277,0.5459877052507249,0.7701165696634401,0.11776074216204907
0.9125562946466085,0.5459877084448842,0.6685192989865438,0.057435209853160286
0.9125163007849775,0.5459877109292298,0.7209134403036843,0.04534283910410042
0.9124763069229628,0.5459877127037631,0.551728051920076,0.05855376111218719
0.9119163928861013,0.5459876630168491,-1.0604275784025776,0.11872881767370289
0.9118763990336821,0.5459876541441876,-0.5446227039909618,0.11967259353074776
0.9125562979743557,0.5460218877765285,0.7603735126729193,0.08080360710809913
0.9125163032807879,0.5460218902610662,0.7655665232011607,0.0552080513189461
0.9124763085868364,0.5460218920357357,0.5678573025654157,0.07088115873802384
0.9124363138926289,0.5460218931005377,0.30319955558003425,0.11779525399790042
0.9120363669646284,0.5460218647058246,0.08717072711732392,0.1387238783844876
0.9119963722760507,0.5460218579620814,0.09202236182805597,0.10835631710333687
0.912676287875276,0.5460560553966872,-1.1823616684688092,0.1474518380730201
0.9126362923516561,0.5460560600111838,1.4737208982952155,0.15887017587927454
0.9125962968272687,0.5460560639157578,1.3047457478587212,0.12005046069578158
0.9125563013022413,0.5460560671104094,1.0973736908727205,0.09352285510651119
0.9125163057767022,0.5460560695951384,0.8581171844403638,0.07412553427322721
0.9124763102507792,0.5460560713699449,0.5348323012149921,0.14671954727122627
0.9126362973436922,0.5460902393466733,1.3226664887624706,0.13151794305103237
0.9125963009872987,0.5460902432515483,1.3168317818582216,0.13816628834402422
0.9123563228399806,0.5460902517712761,0.36544005085801484,0.1376231906172316
0.9126363023359358,0.5461244186842392,0.4361056123356766,0.15080029003688153
0.9124763135788727,0.5461244300447514,1.00694570365162,0.12038946420190169
0.9123963191982934,0.5461244314648154,0.07859875268931439,0.08303495466029347
0.9123563220079399,0.5461244311097994,0.3414415490416818,0.0960544288104541
0.9104764564190913,0.5461236135097672,-0.40780452677510376,0.15717586181761498
0.9126763053481286,0.5461585934082381,0.24605127829490292,0.13430948830903036
0.9126363073283873,0.5461585980238017,0.39659933994955643,0.11044625864950391
0.9125963093078783,0.5461586019292786,0.24656864801973605,0.1287773061573094
0.9125163132650682,0.5461586076099725,0.7303628529831142,0.13531666121772012
0.9124763152430232,0.5461586093851891,0.8628103335580292,0.09359495230289536
0.9124363172207224,0.5461586104503194,0.46395934483304907,0.12790899965658897
0.9123963191982934,0.5461586108053627,0.19868387470426813,0.07814677855609738
0.9123563211758646,0.5461586104503194,0.49655677423676875,0.11620513995645902
0.9106764059288297,0.5461579543313527,0.15310531618020137,0.10446730792899563
0.9127563088737838,0.5461927613870992,0.3644932698570651,0.12115285829173636
0.9127163100238526,0.5461927674233011,0.3701618644307399,0.08670180020516258
0.9126763111728976,0.5461927727493614,0.25123724427667443,0.14154972219836778
0.9125963134684276,0.5461927812710581,0.31032371828270416,0.10398278520747997
0.9125563146151686,0.5461927844666952,0.31592783886924974,0.1181783813022715
0.9125163157613979,0.54619278695219,0.3607595301018066,0.11603181305378586
0.912476316907243,0.546192788727544,0.5940615344041089,0.13722539801533454
0.9124363180528323,0.5461927897927558,0.4059797796775588,0.15776975624745143
0.9123963191982934,0.5461927901478264,0.4526730015372788,0.10634330186066206
0.9123563203437547,0.5461927897927558,0.7087949189081337,0.11485853271225942
0.9113163505450382,0.5461925313014444,0.9534758910942484,0.10854492200980043
0.9106763701482093,0.5461921336232264,0.2965879478761016,0.13687424562924874
0.9105163752486639,0.5461920057982712,-0.6252635091918687,0.12353510053458591
0.9127563163630835,0.5462269407291838,0.0572117572388897,0.10820598975015294
0.9127163166810082,0.5462269467658504,0.23396965237200845,0.08377900488895841
0.9126763169979086,0.5462269520923215,0.057057663934883485,0.12011819709218928
0.91259631762915006,0.5462269606146751,-0.15017366086884698,0.14740431436058338
0.9125563179437468,0.5462269638105579,0.1747767987869909,0.14679721518160702
0.9125163182578314,0.5462269662962443,0.3165821113537154,0.10690991360465091
0.9124763185715321,0.546226968071735,0.23203698029191774,0.13140088237099062
0.9123963191982934,0.5462269694921273,0.7771570910932423,0.09921384069829797
0.9123563195116101,0.5462269691370293,0.7516237517561238,0.11352516070952902
0.9105163361380096,0.5462261850821313,-0.5690305178648863,0.10322653439531021
0.9127963243657973,0.5462611133256424,-0.37918698759708547,0.10552824090022485
0.9127563238526951,0.5462611200730246,-0.19422565203321296,0.08407714093429196
0.9127163233384408,0.5462611261101568,0.06469886039962454,0.13687738104606062
0.912436319717156,0.5462611484830593,0.6164896025636936,0.15018642049479564
0.9123963191982934,0.5462611488381847,0.9244075135591333,0.09112530460570449
0.9107162989857771,0.5462605223979597,0.20983707019647296,0.14554602796175475
0.9130363407284645,0.5462952372668198,-0.396504515633774,0.10952424203185389
0.9127963326879338,0.5462952926706408,-0.29578171210260973,0.14435923404736928
0.9127563313426181,0.546295299418543,-0.03735094406640981,0.07427571248268032
0.9127163299961503,0.5462953054561405,-0.009574661197612355,0.10619769464470573
0.9124363205493697,0.546295327830767,0.45353743811857905,0.11801676256753127
0.9123963191982934,0.5462953281859195,0.7260488171523473,0.08598204693101669
0.9123563178472173,0.546295327830767,0.9429277202706007,0.13556424199871464
0.911316283138605,0.5462950692796974,-1.4529445079760197,0.15704946362328312
0.9103962543103453,0.5462944403060479,-1.2446515078134277,0.13482344622593395
0.9130363540444337,0.5463294166091469,-0.17730645921968055,0.13604229690626776
0.9129963518764714,0.5463294276197275,-0.0717175227560384,0.1313212812507881
0.912956349706589,0.5463294379199488,-0.23619389345088235,0.13938742542006102
0.9127563388328529,0.5463294787656584,0.09372180497279418,0.06340657426209383
0.9127163366541369,0.5463294848037208,-0.03203171648916754,0.06405752358180304
0.9126763344743968,0.5463294901314231,-0.1652322165526708,0.10531332189111955
0.9126363322937606,0.546329494748765,-0.7584045249528717,0.14786552869047487
0.9124363213816181,0.5463295071800712,0.21461867852885616,0.11954942376571871
0.9123963191982934,0.5463295075352513,0.46454271174406414,0.10341699425472559
0.9123563170149688,0.5463295071800712,0.5870215181744878,0.0890020026746669
0.9123163148317721,0.5463295061145302,0.6133894924481815,0.06924893592422514
0.9122763126488317,0.5463295043386297,0.5713828602050987,0.061126702951581846
0.9122363104662752,0.5463295018523686,0.6927083552289809,0.09605335160504876
0.9105562208412155,0.546328755975546,0.36253447717426857,0.08973392890207091
0.9104362147245908,0.5463286547496433,-0.8270199012786187,0.10889499993189988
0.9103962126980909,0.5463286195869745,-1.0031790711933084,0.150205684562049
0.9128763553489696,0.5463636357362207,0.34278546181011454,0.1376467971652025
0.9128363523418118,0.5463636439059922,0.5502075710712446,0.10813806083775417
0.9127963493332456,0.5463636513653493,0.5424030932044269,0.07840513847961653
0.9127563463233992,0.5463636581142914,0.2828024143178638,0.05500254637692241
0.9127163433124006,0.5463636641528188,0.11737473031690465,0.04179378133499319
0.9126763403003777,0.5463636694809315,0.13157759162890675,0.05643518072365065
0.9125963342737713,0.5463636780059121,-0.5618638550102437,0.11476362518664582
0.9123563161826858,0.5463636865308925,0.27328151599954037,0.07559450620222027
0.9123163131672062,0.5463636854652701,0.40318197996185545,0.05008297042491689
0.9122763101519825,0.5463636836892325,0.5407289223393742,0.04849530167395648
0.912236307137143,0.5463636812027798,0.6258847533767042,0.08251601071369925
0.9121563011091284,0.5463636740986292,-0.8715480021846752,0.15031885176653223
0.9105561825563249,0.5463629352684962,0.2334320105117458,0.10183833925654402
0.9104361739428786,0.5463628340347955,-0.530192816767085,0.07021333069199183
0.9103961710841054,0.546362798869418,-0.6705073256745686,0.11688123870841258
0.9128763653367793,0.5463978150845672,0.12520667659845866,0.15756374972003478
0.9128363614973044,0.5463978232549679,0.4773819029314115,0.08942415907572218
0.912796357656421,0.5463978307148997,0.551457961351187,0.07308940670764083
0.9127563538142572,0.5463978374643615,0.28132045267666883,0.06286450946645027
0.9127163499709412,0.5463978435033543,0.061733147435821235,0.04114739808663806
0.9126763461266009,0.5463978488318774,0.02905494998412062,0.04422782282866754
0.9126363422813645,0.5463978534499304,0.05485040592656455,0.0858960751032913
0.9125963384353595,0.5463978573575144,-0.19535913014567555,0.11536488177934257
0.9123563153503681,0.546397865883152,0.042446296118396544,0.14379764708341944
0.9123163115025709,0.5463978648174473,0.3155853908878674,0.06565978371303074
0.9122763076550295,0.5463978630412728,0.4451336520591672,0.06708005764586054
0.9122363038078725,0.5463978605546284,0.6910002452814972,0.15154572127724375
0.912116292269986,0.5463978488318774,0.043909745231828265,0.14816536787764298
0.9113962233330551,0.5463976442167049,0.8473110095183245,0.13870196676793722
0.9104361331594689,0.5463970133213844,-0.35033751438653205,0.06895201186564405
0.9103961294683879,0.5463969781532979,-0.4163935625246661,0.1138608441890721
0.9130363939956657,0.5464319546449122,-1.4897348456690174,0.13706160392318426
0.912916379995295,0.5464319855527169,-0.6283465064218072,0.15253360803409777
0.9127563613054271,0.5464320168157893,0.19166490865303049,0.13269264811259798
0.9127163566297593,0.546432022855247,0.03358168358853258,0.06902896080462216
0.9126763519530667,0.5464320281841806,-0.08449728735292848,0.06583781147165031
0.9126363472754779,0.5464320328025898,-0.02450905727778105,0.14214467499674363
0.9123163098378662,0.546432044170982,0.26986509659112756,0.08658575814583161
0.9122763051579726,0.5464320423946706,0.32795070225741063,0.07580757172447201
0.9122363004784632,0.5464320399078347,0.46119974774009265,0.14476532502329417
0.9121562911211091,0.5464320328025898,0.6632088292052836,0.13952088317956052
0.9121162864435203,0.5464320281841806,0.21049236120907766,0.15850580784618307
0.9116762350773707,0.5464319304870913,-0.16749290758340313,0.1371356459603957
0.9115162164589522,0.5464318736451731,0.04167838721325985,0.13338498133942608
0.9114762118110696,0.5464318576583866,0.29982635897320253,0.12528368205806897
0.9105561059817644,0.5464312938586277,-1.1037804917741885,0.11469346472882266
0.9105161014399031,0.5464312608193771,-1.2310047853877033,0.11633656931231251
0.9104360923743623,0.54643119260933,-0.167627470686505,0.14469145849066084
0.9129563963173343,0.5464661553101977,-0.9755757083532537,0.10714047208650822
0.9126763577797748,0.5464662075377618,0.4615872121959205,0.130715908817503
0.9123563136856289,0.5464662245916633,0.5723237258921483,0.09887370601271395
0.9123163081730923,0.5464662235257941,0.5035812898116664,0.06640361938489987
0.9122763026608118,0.5464662217493463,0.45399409287432047,0.07750008172580337
0.9122362971489155,0.5464662192623188,0.5091465772221333,0.14038608266795632
0.9117562310827354,0.5464661339928291,-0.23900099606480207,0.13316914146707376
0.9116762200944135,0.5464661098331477,-0.22278086956274082,0.13114196106259968
0.9115562036295377,0.5464660682642914,0.6158949923568495,0.14279137364530534
0.9103960462317584,0.5464653367250486,0.7957343322427572,0.12391901105587816
0.9128363889660683,0.5465003613097211,-1.5467154153321525,0.1545698111045444
0.9127963826280256,0.5465003687713763,1.4356533511199894,0.14595409083604538
0.9127563762887021,0.546500375522398,1.3715378817920416,0.13286193781058594
0.9127163699482262,0.5465003815627861,1.1331838856958925,0.10298339725416891
0.9126763636067257,0.5465003868925405,0.8947773791460585,0.10255011215385403
0.9123563128532073,0.5465004039477557,0.4136406254373489,0.07559241927314302
0.9123163065082491,0.5465004028818047,0.48994033530672776,0.04664182466637924
0.912276300163547,0.5465004011052194,0.4166580127303038,0.07327771785583229
0.9120762684483608,0.5465003815627861,1.5177413369519241,0.1547999739929246
0.9114761735205056,0.5465002163404777,-0.018962150480450506,0.1492072629642644
0.910396004610845,0.5464995160127595,0.9264767856760123,0.1013368147582347
0.9103559984290357,0.5464994801259226,0.9944621872358498,0.09544078887873397
0.9129164124597282,0.5465345236071232,1.36423924462309,0.1536889419767074
0.9127963909525867,0.5465345481258777,1.445831153494983,0.15563807404396593
0.9127563837808074,0.5465345548774193,1.4755067021703006,0.11429742269279572
0.9127163766078753,0.5465345609182726,1.3829918621947694,0.1129406152532489
0.9123963191982934,0.5465345836603104,0.23336840521330632,0.09740629407568666
0.912356312020751,0.5465345833049663,0.40947262182668936,0.06428153789718645
0.9123163048433366,0.546534582238933,0.4953450925655695,0.05225346332704537
0.9122762976661785,0.5465345804622113,0.4817437992636045,0.08180516429905414
0.9121562761375211,0.5465345708679135,1.423539695570499,0.11250667757197642
0.9121162689626682,0.5465345662484375,1.500406811702656,0.11617569775941458
0.9115161615191697,0.5465344116737205,0.0819778797634339,0.12244918041004992
0.9103959629882001,0.5465336953015877,0.8445365571470459,0.07527695420837312
0.9103559559739446,0.5465336594119871,1.018944382854546,0.07530116242022054
0.9130364472717344,0.5465686720434471,-1.2582902273326018,0.13705161034784083
0.9129964392770703,0.5465686830599654,-1.4271431995210009,0.11403683582365062
0.9123963191982934,0.5465687630185863,-0.020827310553530678,0.16596363085706597
0.9123563111882602,0.5465687626632149,0.2292879620804494,0.11165641076201906
0.9123163031783549,0.5465687615970996,0.34828388722756776,0.07149029054697843
0.9122762951687059,0.546568759820241,0.5046665495582903,0.07520092038857595
0.912236287159441,0.5465687573326392,0.690235187497226,0.14759169446696324
0.9121962791506882,0.5465687541342932,0.7917522416790114,0.15267261627062956
0.9121562711425764,0.5465687502252048,1.117836697453719,0.13966163701113293
0.9115561511848321,0.5465686062997226,0.1322010838876781,0.1673515210574855
0.9115161432043843,0.5465685910187521,0.26175211284413213,0.14809953764411687
0.9112760953853533,0.5465684844073669,1.368203860344787,0.09910447040576123
0.9105159449419409,0.5465679780041467,-1.3697081707796364,0.1475269570992512
0.910395921363823,0.5465678745914532,0.7313145388140312,0.09935558044729012
0.9123563103557346,0.5466029420224218,0.37013214552190293,0.14026626117309368
0.9123163015133039,0.5466029409562243,0.2926117162610474,0.09572746061456212
0.9122762926711292,0.5466029391792288,0.3635201794319995,0.1020706688429855
0.912236283829339,0.5466029366914352,0.5083342852169711,0.11322068033679548
0.9121962749880611,0.5466029334928437,0.6699957005932776,0.0965727109600892
0.9121562661474234,0.5466029295834538,0.9135899643960789,0.10549398891577871
0.9117961866316384,0.5466028624130427,-1.5501807697368886,0.1303127038807019
0.9116761601563484,0.5466028272285515,0.4155199001688857,0.15301255169251488
0.9116361513356921,0.546602814078794,0.4634346074713586,0.12699699238816128
0.9115961425174696,0.5466028002182398,0.6935614109377773,0.10465513851814362
0.9115561337018084,0.5466027856468889,0.5068742275134555,0.1000326994709836
0.9115161248888368,0.5466027703647418,0.447563556265405,0.11644715437485964
0.9112760720746679,0.5466026637451473,1.2752461184700854,0.10027188285565525
0.9123162998481836,0.5466371203162276,0.43253522923482046,0.0890752708199262
0.9122762901734488,0.5466371185390952,0.4687446251912981,0.07920055237918577
0.9122362804990984,0.5466371160511103,0.4759575634164261,0.11225775375064469
0.9121962708252602,0.5466371128522721,0.6293235855421877,0.09256541599913531
0.9121562611520626,0.5466371089425812,0.9196462359717464,0.07129792760988422
0.9117161548257942,0.5466370190197166,0.5947434753955194,0.12340259570354657
0.9116761451702733,0.546637006579798,0.5306710997251067,0.07410729138016514
0.9116361355170582,0.546636993429028,0.5146725293463167,0.10042257468442313
0.9115961258662767,0.5466369795674065,0.689788314064554,0.11389058780055372
0.911556116218057,0.5466369649949339,0.6587299342052629,0.119332088141228
0.9115161065725276,0.5466369497116099,0.5001884456280138,0.10072051870005884
0.912316298182994,0.5466712996770293,0.20435529512344489,0.1262916080918075
0.9122762876756643,0.5466712978997603,0.36568216119992125,0.10638736746894309
0.9122362771687192,0.5466712954115838,0.44545057738903415,0.1418980913310037
0.9121962666622864,0.5466712922124993,0.6175713126544154,0.10017931688167347
0.912156256156494,0.5466712883025074,1.014659646660388,0.07928961201478892
0.9117161406716887,0.5466711983727193,0.6506886629826726,0.11874630295346827
0.9116761301835742,0.5466711859318429,0.6154482815091519,0.07125523073831155
0.9116361196977654,0.5466711727800602,0.5419094904029337,0.08059940076345865
0.9115961092143907,0.5466711589173716,0.5190360615062747,0.11304183365650389
0.9123563078579501,0.5467054801049934,-0.5919349199707139,0.13096216259099616
0.9123162965177348,0.5467054790385496,-0.08399550528589206,0.14754095909002218
0.9121962624991391,0.5467054715734453,0.732787863302116,0.07155752068314275
0.9121562511607174,0.5467054676631523,0.9646654255947954,0.06355046596097295
0.9121162398230644,0.5467054630418972,1.0866418965870426,0.07840068478984057
0.9120762284863079,0.5467054577096799,0.9223877192518735,0.12862868463190127
0.9117961491648846,0.546705400477225,-1.1214471286662775,0.151541273361737
0.9116761151962515,0.5467053652846064,0.5368737224555845,0.09995954051791915
0.9116361038778146,0.5467053521318114,0.5000626885301293,0.07584121126719696
0.9115960925618122,0.5467053382680556,0.4226508311161832,0.10292476743532802
0.9115560812483715,0.5467053236933387,0.5162970915364228,0.12394253613531624
0.9121962583358186,0.5467396509350299,0.6780918004660956,0.07187992629833292
0.9121562461647328,0.546739647024436,0.8713948721032206,0.0583687101758573
0.9121162339944159,0.5467396424028252,1.0385056528491057,0.06801737647328267
0.9120762218249957,0.5467396370701975,1.1506206829123318,0.07985240761561399
0.9116360880572052,0.5467395314842012,0.4629436715911697,0.12139398008466397
0.9130765401907497,0.5467737364357199,0.9933696359942454,0.09621179915805064
0.9122362671767498,0.5467738334969967,0.26077006242538014,0.13528281238677253
0.9121962541723249,0.5467738302971737,0.5648009366113649,0.07129969894277205
0.9121562411685405,0.5467738263862788,0.7635741768933004,0.06943576383709583
0.9121162281655247,0.5467738217643121,1.0233279358120417,0.07187804686840271
0.9120762151634062,0.5467738164312739,1.219538025278135,0.08410807727344556
0.9130765543472115,0.5468079157911179,1.0281200768915615,0.12557796536744706
0.9128364713929404,0.5468079755257261,0.7823572587373895,0.11651815757501859
0.9122362638458164,0.5468080128598661,0.4590550852787588,0.08979072294902087
0.9121962500086578,0.5468080096597965,0.42884815707897117,0.07044374529960593
0.9121562361721401,0.5468080057486007,0.5587772711832251,0.06026499928886342
0.9121162223363912,0.5468080011262783,0.8404237124032627,0.052173455499674684
0.9120762085015393,0.5468079957928296,1.0537529673177446,0.08348508738868322
0.9117961116934526,0.5468079385471568,0.09289557863890166,0.12602262763788433
0.911756097870389,0.5468079275247001,0.10386662357161067,0.12006598403368772
0.9115560287883848,0.5468078617455372,1.2026021276001435,0.14911789476293327
0.9131565978051607,0.5468420695444046,-0.9353926036986299,0.12450695846986397
0.9128364805533882,0.5468421548861209,0.7867300256115455,0.10381491808123565
0.9122362605147437,0.5468421922231345,0.48104364322573767,0.11734298208149342
0.9121962458448175,0.5468421890228188,0.4063343330647996,0.07330537573472606
0.9121562311755316,0.5468421851113217,0.529760828650844,0.04752145188737109
0.9121162165070148,0.5468421804886435,0.7267766158390626,0.04083282458488584
0.9120762018393951,0.5468421751547845,0.8484862579153133,0.067112361052757
0.9117960992019356,0.5468421179047055,-0.016704801114492133,0.15742797104442166
0.9117560845461047,0.5468421068814006,0.16638415185431976,0.12828125613824246
0.911716069892324,0.5468420951469153,0.4251357591432523,0.15186889194695105
0.9116760552407218,0.5468420827012499,0.5955708068432184,0.13536632590918601
0.9115560113002669,0.5468420410971749,1.2804138071750377,0.11092920560634807
0.9132366445851663,0.546876220449132,0.9369213113771354,0.11022384649164683
0.9131566136284043,0.546876248898551,-1.0430299378035417,0.0974927012093382
0.9121962416808036,0.5468763683861602,0.5254701333679339,0.07543864011186938
0.9121562261787152,0.5468763644743622,0.488509966181927,0.049202901707257315
0.9121162106773959,0.5468763598513282,0.6278819196010725,0.06247143965525861
0.9120761951769736,0.5468763545170587,0.8855395665568445,0.08775567855705647
0.9120361796775763,0.5468763484715532,0.8424577280993363,0.13079167789362592
0.9118361022004531,0.546876307575492,-0.7495794468827379,0.10612934721185648
0.9117960867098985,0.5468762972625738,-0.5278442633224409,0.12861993663158622
0.9117160557346833,0.5468762745030319,0.6335098159875671,0.14844587809413742
0.9116760402502797,0.5468762620564087,0.7595913961653338,0.13303525140524894
0.9115559938114207,0.546876220449132,1.408361154486763,0.15339312226852883
0.9130765968201334,0.5469104538593882,0.9414915892579169,0.11479182916026578
0.9130365805007149,0.5469104655956798,1.3829402109333466,0.13870753077058678
0.9121962375166167,0.5469105477497413,0.6973517312591869,0.09226330184563047
0.912156221181691,0.5469105438376423,0.5664571419405738,0.058398616283404675
0.9121162048475343,0.5469105392142527,0.7318951254113714,0.07007434706133174
0.9120761885142745,0.5469105338795724,0.881999235407005,0.0676441329563649
0.91203617218204025,0.5469105278336017,0.6626570248983626,0.07214428559352036
0.9119961558509595,0.5469105210763406,0.2403922715238427,0.08439530584943956
0.9119561395211601,0.5469105136077891,-0.008887669691037724,0.12603145540730937
0.9119161231927705,0.5469105054279473,-0.3679182585302839,0.08490355434629014
0.9118761068659186,0.5469104965368154,-0.4998355230023585,0.07010183550897993
0.9118360905407329,0.5469104869343935,-0.6298453303013624,0.057870840538983254
0.9117960742173412,0.5469104766206815,-0.6440993431257216,0.12510592405891086
0.911756057895872,0.5469104655956798,0.4150555660677274,0.14184300161090954
0.9117160415764536,0.5469104538593882,0.33429763675144764,0.12920165083724677
0.9121962333522564,0.5469447271134822,0.6296041057689442,0.09331817455141006
0.9121562161844587,0.5469447232010822,0.5369330708775106,0.04940024397284877
0.91211619901743,0.5469447185773367,0.6358766146595963,0.047122993349754005
0.9120761818512985,0.546944713242246,0.6331906962204381,0.043585353875297446
0.9120361646861923,0.5469447071958101,0.41748144462855147,0.0426557716148487
0.9119961475222396,0.5469447004380289,0.17365959297504988,0.04026898347965241
0.9119561303595687,0.5469446929689028,0.04058242981631503,0.042040175277039266
0.9119161131983077,0.5469446847884316,-0.12835992335434798,0.03807643428672712
0.9118760960385843,0.5469446758966153,-0.26454799742364354,0.03734801817270757
0.9118360788805271,0.5469446662934544,-0.4391702695072588,0.0414649372173592
0.9117960617242641,0.5469446559789488,-0.48680657598152344,0.10709406205739244
0.9117560445699239,0.5469446449530986,0.16116583113381028,0.1283161263927974
0.9117160274176342,0.546944633215904,0.15400865313787326,0.13866070973061215
0.9129965891659197,0.546978835337296,0.6056723261210737,0.140873321240074
0.912716463208542,0.5469788926049993,0.3898309350225205,0.11507243636728963
0.9123162831931679,0.5469789139470054,0.7102623883583217,0.1377428730693749
0.9121962291877223,0.546978906477303,0.7112961514156029,0.08315804316887362
0.9121562111870184,0.546978902564602,0.4727579769890536,0.045225736730135156
0.9121161931870829,0.5469788979405007,0.3862301393093451,0.03618343116079716
0.9120761751880448,0.5469788926049993,0.3406252982412813,0.0263329450459054
0.9120361571900324,0.5469788865580981,0.2695340084568506,0.02323305795944205
0.9119961391931732,0.546978879799797,0.1918112886154012,0.023963734679904904
0.911956121197596,0.5469788723300961,0.1180924909470589,0.028384346762751297
0.9119161032034285,0.5469788641489953,0.04297165869760133,0.031163991733564652
0.9118760852107987,0.5469788552564951,-0.051081164509356874,0.03375676974083763
0.9118360672198358,0.5469788456525951,-0.18650823561496732,0.04752816549205172
0.9117960492306671,0.546978835337296,-0.10749014939849379,0.12268477672038082
0.9117560312434213,0.5469788243105973,0.415096910573293,0.12117256002831135
0.9117160132582255,0.5469788125724997,0.6144044750597017,0.1481797813288519
0.9131566769279654,0.5470129663167321,1.3181344151008698,0.15438818569693755
0.9129565828379278,0.547013025011736,0.6045766905943716,0.12451046603965006
0.9123563003627251,0.5470130943785833,1.110767719421714,0.1048532068855199
0.912316281527285,0.5470130933114008,0.9462333896093335,0.07928284767413861
0.9122762626921012,0.5470130915327633,1.0584165675266533,0.11091350377400083
0.912236243857302,0.5470130890426711,1.1113206945294618,0.0781322912072614
0.9121962250230156,0.5470130858411236,0.9096289393055552,0.10073786725704105
0.9121562061893699,0.5470130819281216,0.3444171253710823,0.05710375625357815
0.9121161873564935,0.5470130773036643,0.25070869080658115,0.032257880637079704
0.912076168524514,0.5470130719677527,0.24720154993981755,0.023383370615150084
0.9120361496935601,0.5470130659203863,0.2426571365749236,0.01970726159653633
0.91199613086376,0.5470130591615652,0.24552601747772498,0.021931269570949666
0.9119561120352417,0.5470130516912894,0.2479033682375711,0.03059526820660962
0.9119160932081335,0.5470130435095593,0.1920680816630537,0.03996101695363621
0.9118760743825632,0.5470130346163747,0.12911068855272922,0.05140047929221811
0.9118360555586592,0.547013025011736,0.07555234452350565,0.08358985308265748
0.9117960367365497,0.547013014695643,0.08500812449544022,0.16766648523961136
0.9130366338078365,0.5470471830255147,0.979508113331493,0.11039718904353388
0.9128765551841649,0.5470472228700433,-0.5088219397188688,0.14295381490262304
0.912836535524081,0.5470472310524029,-0.5006233076833102,0.10506004863716469
0.9126764568709261,0.5470472566667486,-0.9886004061138538,0.12338062876437028
0.9123162798613326,0.5470472726757165,0.911226514451091,0.11563975894675432
0.912276260193173,0.547047270896942,0.9639110355886713,0.09621743286863667
0.9122362405253974,0.5470472684066582,0.9825099258099893,0.06309022786926916
0.9121562011915134,0.5470472612915612,0.19337188523103915,0.06829926876377941
0.9121161815256608,0.5470472566667486,0.23190864273420425,0.04128543949971257
0.9120761618607055,0.5470472513304262,0.27027407668620174,0.030110443640441298
0.912036142196776,0.5470472452825944,0.27168361147347575,0.029209711956223783
0.9119961225340002,0.5470472385232532,0.39131497660984527,0.033088623172724374
0.911956102872506,0.5470472310524029,0.47806597234888,0.048708125918178684
0.9119160832124221,0.5470472228700433,0.3321591933859732,0.08553597998573044
0.9118760635538762,0.5470472139761745,0.26372887919475285,0.08895261472242022
0.911836043896997,0.5470472043707967,0.3580155851117259,0.10402560343988365
0.9130366471360037,0.5470813623827736,0.6483907199891399,0.13101020416400547
0.9129165856718481,0.5470813933358144,-0.6283470262625577,0.10560169827485211
0.9128765651802921,0.5470814022303675,-0.6133304542546721,0.0831065945315909
0.912836544687198,0.5470814104133565,-0.6242937951325359,0.08364660530873609
0.9127965241926936,0.5470814178847818,-0.8559260529189008,0.1445968908366588
0.9124363396998487,0.5470814531072188,-1.3760953803537397,0.12278640982956783
0.9123963191982934,0.5470814534630009,-1.1684466718973556,0.12587397659538269
0.9123162781953111,0.5470814520398722,1.0282818488615981,0.11612168766150201
0.9122762576941407,0.5470814502609609,1.054473435119175,0.07063015678178308
0.9122362371933542,0.5470814477704857,0.7799008942299176,0.05251424820145183
0.912196216693081,0.5470814445684455,0.5364696694746878,0.0797521532555528
0.9121561961934487,0.5470814406548414,0.5149456477216617,0.08010810357207637
0.9121161756945857,0.5470814360296727,0.3930601081504649,0.07686210071980576
0.91207615519662,0.5470814306929401,0.360379171173136,0.049347649237062474
0.9120361346996797,0.5470814246446429,0.3737208708743077,0.05269004184250777
0.9119961142038934,0.5470814178847818,0.5422661638564575,0.07427945861411189
0.9119560937093889,0.5470814104133565,0.6931909873575846,0.13241740271575744
0.9118760527247388,0.5470813933358144,0.26923028003718646,0.09287461870975805
0.9118360322348491,0.5470813837296978,0.3020238230630328,0.08239889725993038
0.9117960117467548,0.5470813734120173,0.2686350431810938,0.1392313348804254
0.9130766817818908,0.5471155299980824,0.06732083677767652,0.16087715578946907
0.9129165965014363,0.5471155726952149,-0.6213899360601678,0.11001534310754929
0.9128765751768354,0.5471155815904519,-0.538362782661075,0.10045457475292324
0.9128365538506965,0.5471155897740706,-0.6255413272543551,0.10942390615266781
0.9127965325231469,0.5471155972460705,-0.9509022944975672,0.10958852802509858
0.9127565111943151,0.5471156040064515,-1.4535243627684697,0.11702968989750222
0.9126764685333192,0.5471156153923574,0.6824754759989513,0.13745110302859614
0.9126364472014108,0.5471156200178818,0.7352507656382787,0.13845440955391347
0.9123963191982934,0.547115632827027,-1.0076484583371321,0.119991009605201
0.9123162765292202,0.5471156314037887,1.0968636931916442,0.12088494128933977
0.912276255195004,0.5471156296247407,1.005008420193262,0.04900451194128997
0.9122362338611725,0.5471156271340735,0.8119708100733883,0.039323786707609644
0.9121962125278541,0.547115623931787,0.7908892808699327,0.051713387871473934
0.9121561911951761,0.5471156200178818,0.7564574065433618,0.06453682082751573
0.9121161698632677,0.5471156153923574,0.6950593497013776,0.10023292155177392
0.9120761485322568,0.547115610055214,0.6087418964378061,0.09068445310323063
0.9120361272022718,0.5471156040064515,0.6431265941276015,0.09063797433829268
0.9119961058734402,0.5471155972460705,0.8674621473384458,0.09860727955424499
0.9118760418951506,0.5471155726952149,0.12473694305126229,0.11049650864168004
0.9118360205722165,0.5471155630883593,0.28259927225135845,0.10073570119732554
0.9117959992510771,0.547115552769885,0.3708348960085365,0.1302537000747619
0.9127164965289707,0.5471497894171687,0.8659484960119322,0.08432327491023033
0.9126764743648799,0.5471497947547226,0.6412103725318594,0.07318754791598424
0.9126364521998913,0.5471497993806028,0.6072567347239985,0.1010042389559552
0.9123963191982934,0.5471498121907332,-0.9348399556039705,0.1294548569373503
0.9123162748630599,0.5471498107673852,1.0247769432355391,0.11771707879926008
0.9122762526957635,0.5471498089882006,1.0308975933262159,0.0638628729317542
0.9122362305288522,0.5471498064973417,0.8951769150208402,0.042659028203242286
0.9121962083624533,0.5471498032948091,0.8982215400180001,0.04596547297632437
0.9121561861966956,0.5471497993806028,0.8717125873084677,0.04672708933925937
0.9121161640317071,0.5471497947547226,0.8937461239335346,0.05270041519474607
0.9120761418676163,0.5471497894171687,0.902743604177542,0.05981859923273058
0.912036119704551,0.5471497833679412,0.8536648979532636,0.0697184168767641
0.91199609754263955,0.54714977660704,0.8930839340207356,0.07485683545086066
0.9119560753820107,0.5471497691344652,0.9677556806035638,0.1362334000025269
0.9119160532227913,0.5471497609502174,0.6141285553839094,0.1411143257606667
0.9118760310651112,0.5471497520542958,0.4375809893188339,0.10526016507001328
0.9118360089090979,0.5471497424467011,0.6296856540993738,0.11032305459678665
0.9127165031938888,0.5471839687787241,0.905392232121313,0.05281475154481736
0.9126764801966833,0.5471839741166886,0.7483069577605125,0.06090166348368263
0.9126364571985801,0.5471839787429245,0.6696297177205622,0.12096246268469524
0.9123162731968303,0.5471839901305827,0.9406248868143183,0.1491295260395024
0.912276250196419,0.5471839883512614,1.006536517918667,0.09291352783759006
0.9122362271963926,0.5471839858602111,0.9363421992620544,0.06709926920435999
0.9121962041968792,0.5471839826574321,0.8844584714671233,0.061894630995242686
0.9121561811980069,0.5471839787429245,0.9325142653219252,0.0485321954536173
0.9121161581999035,0.5471839741166886,1.0224015184702246,0.04258544579016236
0.9120761352026981,0.5471839687787241,1.0080619173788412,0.055764762172562606
0.9120361122065183,0.5471839627290312,0.8981568088107718,0.07417665831800843
0.9119960892114923,0.54718395596761,0.9426765451562426,0.08633476790354952
0.9119560662177488,0.5471839484944605,0.9355853523803392,0.10977476749287263
0.9119160432254159,0.547183940309583,0.5926536629765954,0.0985721780698007
0.9118760202346209,0.5471839314129774,0.5649988989639595,0.12796399359096716
0.9127565336884135,0.547218142089642,0.7898529386778927,0.045387883924205466
0.9127165098590845,0.5472181481398003,0.9794426620375603,0.06437298151597516
0.9126764860287296,0.5472181534781753,0.9593115821412305,0.07003042316894714
0.9126364621974772,0.5472181581047671,1.1425247699475156,0.09509797858978568
0.9125964383654552,0.5472181620195756,1.3366323255634103,0.159182137191829
0.9123963191982934,0.5472181709168679,1.272423834234386,0.13666419880199251
0.9123562953643483,0.5472181705609762,1.1198163544985498,0.09902139480546909
0.9123162715305312,0.5472181694933014,0.9552089741806618,0.09241237842947536
0.9122762476969705,0.5472181677138427,1.10806565958457,0.08122321050098782
0.9122362238637947,0.5472181652226009,1.1618231716448815,0.08100028733800471
0.9121962000311317,0.5472181620195756,1.0241649658293317,0.0820703983414927
0.9121561761991097,0.5472181581047671,1.0877986790243535,0.07099741846418932
0.9121161523678574,0.5472181534781753,1.2670120350923235,0.05763862559823041
0.9120761285375025,0.5472181481398003,1.3635363946394328,0.06924863522400551
0.9120361047081735,0.547218142089642,1.1792460018067281,0.09765591521356855
0.9119960808799987,0.5472181353277008,1.0311167926688152,0.096463806738323
0.911956057053106,0.5472181278539766,0.9472077807681115,0.12007861952358087
0.9118359855814038,0.547218101162107,-0.35601748648938536,0.11781823322763806
0.9114357474785333,0.547217965923361,0.8679396207695772,0.1302603242916895
0.9110355096834116,0.547217759506523,-0.3514524863099616,0.13799450863430923
0.9109954859257627,0.5472177349500527,-0.4254241811712778,0.11980913734280801
0.9129566644797587,0.5472522805190115,0.4703265315556559,0.12481855030523631
0.9129166398242987,0.5472522901288229,0.607453364734033,0.10952541506102415
0.912876615167172,0.5472522990267973,0.4714519449052497,0.09876061842887285
0.9128365905085057,0.5472523072129337,0.4719252924203977,0.07005259691105582
0.9127965658484292,0.5472523146872327,0.6195582983997507,0.05495688071808967
0.9127565411870703,0.5472523214496939,0.8163741191694155,0.04264757426530058
0.9127165165245577,0.5472523275003176,1.0027813652395867,0.055462551999153314
0.9126764918610187,0.547252332839103,1.0484133570541512,0.046558713589060406
0.9126364671965821,0.5472523374660506,1.165486189901581,0.04629495051775163
0.9125964425313762,0.5472523413811602,1.283676341784801,0.05652916130383473
0.9125564178655291,0.5472523445844318,1.2293110787880701,0.1004567632755176
0.912516393199169,0.5472523470758652,1.0806326244955438,0.11936007719448956
0.9124763685324243,0.5472523488554608,0.8508630047591356,0.10268296774151721
0.9124363438654229,0.5472523499232179,0.5946159889185569,0.1091267028937842
0.9123963191982934,0.547252350279137,0.9010421914366159,0.10257544098492219
0.912356294531164,0.5472523499232179,1.1230802701011058,0.07205571240306546
0.9123162698641627,0.5472523488554608,1.1362081344167936,0.07993574803683455
0.912276245197418,0.5472523470758652,1.3073176172763483,0.09550373196656031
0.9122362205310579,0.5472523445844318,1.368160622838346,0.10410350760837932
0.9121961958652107,0.5472523413811602,1.3203998086320134,0.11397807664220293
0.9121561712000048,0.5472523374660506,1.3674581342688952,0.0791519560570192
0.9121161465355683,0.547252332839103,1.4327055452582473,0.047597051841107546
0.9120761218720294,0.5472523275003176,1.5421212986333404,0.04800651280782414
0.9120360972095167,0.5472523214496939,1.3752864194971601,0.0886185514601493
0.9119960725481577,0.5472523146872327,0.9582270715177771,0.09169977955745176
0.9119560478880813,0.5472523072129337,0.8037621420722281,0.1423520076749831
0.9118759985722883,0.5472522901288229,-0.13904449923877632,0.10207353019499074
0.9118359739168282,0.5472522805190115,-0.36129703907579747,0.11574065957904983
0.9117959492631638,0.5472522701973622,-1.2592321606442605,0.12781340390716586
0.9114357274821303,0.5472521452698647,0.752682145110629,0.12737083494165086
0.9131167780802952,0.5472864143141545,0.20877424654210439,0.12283771229322574
0.9130767525995682,0.5472864267722726,0.6412828094507337,0.15144974544404846
0.9130367271166613,0.5472864385184993,0.965488530242686,0.09585056831018113
0.9129967016317023,0.5472864495528339,0.7048711373716249,0.08928563467147674
0.9129566761448196,0.5472864598752766,0.5152996521728357,0.07973359659012033
0.9129166506561415,0.5472864694858273,0.4932852044859078,0.06994267707480167
0.9128766251657962,0.5472864783844856,0.3922691160383739,0.08908933937653916
0.9128365996739118,0.5472864865712519,0.502597962309605,0.08022091907642225
0.9127965741806171,0.5472864940461258,0.6812788384442123,0.07070435885146062
0.9127565486860396,0.5472865008091069,0.8790367884227624,0.05802787454058754
0.9127165231903079,0.5472865068601956,1.012118349727098,0.04244884679263153
0.9126764976935505,0.5472865121993918,1.0459526927801792,0.035830121166753055
0.9126364721958953,0.5472865168266953,1.2028104551319645,0.03798634370733758
0.9125964466974705,0.547286520742106,1.2863160032450154,0.04012031861222868
0.9125564211984044,0.5472865239456236,1.1690575677129702,0.06669096874270825
0.9125163956988257,0.5472865264372491,0.8007624245150087,0.10393260082126331
0.912476370198862,0.5472865282169813,0.738366362352355,0.07219056307851927
0.9124363446986419,0.5472865292848208,0.5685778081541467,0.11921930386134116
0.9123963191982934,0.5472865296407667,0.6583839132568986,0.12492602729753793
0.9123562936979451,0.5472865292848208,1.165290375863719,0.09241996600234084
0.9123162681977249,0.5472865282169813,1.2287781319136668,0.09618156657222919
0.9121561662006916,0.5472865168266953,1.4422594450030637,0.08332572529352399
0.9121161407030364,0.5472865121993918,1.3891405338070755,0.04966500620401207
0.9120761152062791,0.5472865068601956,1.4351600449553061,0.05128613623471068
0.9120360897105473,0.5472865008091069,1.262479635740801,0.09367299362074587
0.9119960642159699,0.5472864940461258,0.8351213103045039,0.10169168393001973
0.9119160132307909,0.5472864783844856,-0.07699206233321257,0.09460182394995799
0.9118759877404454,0.5472864694858273,-0.03446861732221221,0.07227805894546971
0.9117959367648847,0.5472864495528339,-1.33528076507014,0.10238140307072596
0.9117559112799257,0.5472864385184993,-1.5180545648752548,0.08722507042112404
0.9117158857970187,0.5472864267722726,-1.4929171255505171,0.11862352587259821
0.9115958093618911,0.5472863872622439,-0.9206394159288296,0.12350158412665817
0.911315631109017,0.5472862701559925,-0.3592262856744419,0.15036029468694095
0.9130767667648728,0.5473206061252737,0.8278926373762656,0.12756200224097958
0.9130367404487134,0.5473206178724035,1.1383849789674247,0.10058935336738176
0.9129166614884354,0.547320648842113,0.35525875299305565,0.11492570547142171
0.9128766351648372,0.5473206577414557,0.5936005758314135,0.13504007324043085
0.9128366088396997,0.5473206659288513,0.8311071114809511,0.11671459339557447
0.9127565561853211,0.5473206801678013,1.07873582724001,0.1247314701893516
0.9127165298563362,0.5473206862193553,1.188540961960813,0.05792058270909636
0.9126765035263251,0.5473206915589617,1.2002612101049415,0.047054185196560384
0.9126364771954166,0.5473206961866214,1.2873240080623378,0.042837123319978646
0.9125964508637384,0.547320700102333,1.2751448405125752,0.04260775536755269
0.9125564245314188,0.5473207033060971,1.0986209000398481,0.07264562080232378
0.9125163981985864,0.5473207057979139,0.7067024035777358,0.11380816044287889
0.9124763718653691,0.547320707577783,0.8345456567878204,0.13413729595723886
0.9123562928646916,0.5473207086457046,1.5683595589356532,0.10905487112042181
0.9123162665312178,0.547320707577783,1.5272968729922332,0.12041369216428549
0.9121961875328486,0.547320700102333,-1.0751537795906345,0.09916272792761706
0.9121561612011703,0.5473206961866214,-1.3908552511967853,0.07895813175135476
0.9121161348702618,0.5473206915589617,1.5334218154117016,0.05739242517240917
0.9120761085402508,0.5473206862193553,1.4388652528346964,0.07183684668335182
0.9119960558834352,0.5473206734042998,0.36912608007375736,0.11747665981049966
0.9119560295568873,0.5473206659288513,0.11044296630713103,0.07889429431459372
0.9119160032317498,0.5473206577414557,0.05514114955154743,0.07306868737194347
0.9118759769081515,0.547320648842113,0.13670329651251534,0.06488167243878565
0.9117558979478735,0.5473206178724035,-1.4677187539255103,0.1185504799152581
0.9115957926968299,0.5473205666122066,-1.1123448778039347,0.11673951370019417
0.9129967266298217,0.5473548082615408,-0.5589864248087084,0.1426040532656564
0.9129166723211803,0.5473548281975997,0.14512423814845943,0.155012496396157
0.9127165365226418,0.5473548655777162,-1.4577504063957312,0.1433560032155334
0.9126765093593429,0.5473548709177334,1.3926486799697892,0.0983761863251239
0.9126364821951461,0.5473548755457486,1.2532032731024374,0.0631403549641108
0.9125964550301795,0.5473548794617613,1.18083677148274,0.05267110357599147
0.9125564278645721,0.547354882665772,1.0431586268085693,0.06019938750552493
0.9125164006984513,0.5473548851577803,1.0557069691524865,0.07626532037522618
0.9124763735319458,0.5473548869377863,1.2995002975236365,0.10006409006986637
0.9124363463651838,0.5473548880057897,-1.461828883976221,0.12954572728568736
0.9123562920314032,0.5473548880057897,-1.114116390172986,0.10562126312289992
0.9123162648646412,0.5473548869377863,-1.2189444054503211,0.11919610038260653
0.9122762376981356,0.5473548851577803,-1.1952071071963113,0.12278845682677782
0.9122362105320149,0.547354882665772,-0.9340613973167908,0.09044836214089184
0.9121961833664074,0.5473548794617613,-0.7680828915150204,0.09101770414854654
0.9121561562014409,0.5473548755457486,-1.0647901242714568,0.1092213322645517
0.91211612903724415,0.5473548709177334,-1.3989054647177361,0.08128280207168835
0.91207610187394506,0.5473548655777162,-1.527970904505296,0.10548942180042531
0.9119960475505537,0.5473548527616754,0.3282158163577631,0.12123089324754298
0.911956020390718,0.5473548452856517,0.13276646970723974,0.07312553303924793
0.9119159932322926,0.5473548370976267,0.146401731779521,0.08347310042651811
0.9118759660754067,0.5473548281975997,0.3120912637764203,0.07029483457020876
0.9118359389201883,0.5473548185855709,0.37990207321548725,0.12684391757718796
0.913036767114483,0.5473889765777362,-0.2921481535094092,0.13126607403043247
0.9129967391296622,0.5473889876146165,-0.284609811773768,0.09534413082403394
0.9129166831543761,0.5473890075522081,-0.1848273445101478,0.12940099799505014
0.9127565711848207,0.5473890388827138,-0.9238312499426389,0.1403992117910445
0.9127165431892253,0.5473890449351989,-1.1517638427634151,0.08658829597494691
0.9126765151926034,0.5473890502756265,-1.5695793056346712,0.09067402609939607
0.9126364871950837,0.5473890549039973,1.3468855673923907,0.06309602334790898
0.9125964591967946,0.5473890588203117,1.2325737906243734,0.055807553441506945
0.9125564311978638,0.547389062024568,1.1169989231298796,0.04987583338307792
0.9125164031984202,0.547389064516768,1.2718343913440404,0.050566123363387366
0.9124763751985918,0.5473890662969111,1.4307377777498795,0.06761460142414008
0.9124363471985067,0.5473890673649965,-1.4965646632753942,0.14666862410113155
0.9123162631979951,0.5473890662969111,-1.1548484228294627,0.10349193077997912
0.9122762351981668,0.547389064516768,-1.135654874743233,0.09694627746608993
0.9122362071987231,0.547389062024568,-1.0847444824491002,0.11419947019146603
0.9121161232039836,0.5473890502756265,-1.5287867562381952,0.13447291720806645
0.911996039217325,0.5473890321181726,0.6883267882438128,0.1510051350294536
0.9119560112241666,0.5473890246415744,0.38792542226668897,0.10146014312005092
0.9119159832324191,0.5473890164529194,0.2125285617990122,0.08448135845582515
0.9118759552422108,0.5473890075522081,0.2065731812004254,0.08887134981654056
0.9117158432993353,0.5473889648287998,1.1809940474150198,0.14275213133544162
0.912996751630023,0.5474231669667337,-0.33128053765239696,0.10249043336554944
0.9129567228099212,0.5474231772923518,-0.3727569801496126,0.08659686427611257
0.9129166939880232,0.5474231869058582,-0.59953823841261,0.07543251321081555
0.9128766651644578,0.5474231958072538,-0.48790845042314157,0.11497848245722071
0.9127966075128375,0.5474232114737113,-0.9925779793947647,0.14064506388671497
0.912756578685039,0.5474232182387728,-1.2211451359854337,0.06130501435255169
0.9127165498560861,0.547423224291723,-1.3152433132289538,0.04533919075703218
0.9126765210261067,0.5474232296325612,-1.5653647142261262,0.050517223268326736
0.9126364921952297,0.5474232342612882,1.4503486339636689,0.04725599118062988
0.9125964633635828,0.5474232381779032,1.429878148532766,0.054214674991397815
0.9125564345312946,0.5474232413824063,1.315336123028203,0.05043009659491002
0.9125164056984933,0.5474232438747978,1.450444419779377,0.045551461640715815
0.9124763768653072,0.5474232456550776,1.5625468549464399,0.06767544256763665
0.9124363480318644,0.547423246723245,-1.394760090246255,0.16634170355340872
0.9123162615312798,0.5474232456550776,-1.1306005774157173,0.12120868540400544
0.9119560020572337,0.5474232039965383,0.42522198136448847,0.15553984767440035
0.9119159732321291,0.5474231958072538,0.17634604414235505,0.07905092865123128
0.9118759444085638,0.5474231869058582,0.19806749348869976,0.09382638167584668
0.9117158291322609,0.5474231441791655,1.0441626775439996,0.15028433086639487
0.9116758003183162,0.54742313171721535,1.0563890289463775,0.14547354098731288
0.9129967641309044,0.5474573463178128,-0.453147131684016,0.10350519015349872
0.9129567344774109,0.5474573566442243,-0.6268417145018198,0.06631113213385924
0.9129167048221217,0.5474573662584704,-0.7574127730623296,0.07180036765826028
0.9127966158467601,0.5474573908282118,-1.0458166786467098,0.0858271310738195
0.9127565861855695,0.5474573975937934,-1.3244520776471453,0.06067291962353821
0.9127165565232245,0.5474574036472089,-1.458098792083664,0.04336513187095177
0.912676526859853,0.5474574089884577,-1.5211712366871453,0.04465686374665529
0.9126364971955836,0.5474574136175401,-1.5704597862340466,0.04376800496157258
0.9125964675305445,0.5474574175344564,1.5426105321752652,0.05297873456691217
0.912556437864864,0.5474574207392061,1.4911232545547557,0.06322297867428296
0.9125164081986705,0.5474574232317895,-1.505812982263677,0.05096917869332734
0.912476378532092,0.5474574250122057,-1.3945652527752657,0.07444330187966176
0.9123963191982934,0.5474574264365388,-1.0376972468649222,0.11758184425625692
0.9123562895313301,0.5474574260804557,-1.0670524226766653,0.08570749106116912
0.912316259864495,0.5474574250122057,-1.2803359340296627,0.11484977149695236
0.9122762301979165,0.5474574232317895,1.4128533014955342,0.11821760852030233
0.9122362005317229,0.5474574207392061,1.2695037257010218,0.11254965289920797
0.9119559928899194,0.5474573833504639,0.20081158849811925,0.15942298175916408
0.9119159632314227,0.5474573751605499,0.1373527607945562,0.09407012306251045
0.9118759335744653,0.5474573662584704,0.4141622285641884,0.11633058805206822
0.9118359039191761,0.5474573566442243,0.41481803913672416,0.11469695706904802
0.9117958742656826,0.5474573463178128,0.49682641928034105,0.12293437878189752
0.9117558446141135,0.5474573352792355,1.0645452867341243,0.14250990452920428
0.913076837600244,0.5474915028767017,-1.0254985015863796,0.11771655110222703
0.9130368071173015,0.5474915146283479,-0.7608858318057795,0.1319984165804659
0.9129967766323064,0.5474915256677739,-0.34774318053074227,0.1179968764049277
0.9129567461453866,0.5474915359949791,-0.6644972929690481,0.1142178428833292
0.9129167156566708,0.5474915456099639,-0.9576430573442583,0.13023011339086912
0.9127565936864124,0.547491576947696,-1.5088597213940707,0.10230863194875116
0.9127165631906405,0.5474915830015766,-1.541051066610457,0.04926008578618838
0.9126765326938422,0.5474915883432363,-1.4770803411203204,0.04357508982903121
0.9126365021961459,0.5474915929726747,-1.390377042079436,0.04894595588743648
0.9125964716976799,0.547491596889892,-1.3867766642729913,0.07339493534744318
0.9125564411985723,0.5474916000948878,-1.4740699205086316,0.09432920979898787
0.9125164106989516,0.5474916025876625,-1.3669959527730042,0.07711045748339879
0.9124763801989461,0.5474916043682162,-1.256430702038853,0.12477171957592413
0.9123963191982934,0.5474916057926584,-0.9712156212639734,0.1214866792187523
0.9123162581976408,0.5474916043682162,1.2521996028970885,0.14077575048268942
0.9122762276976354,0.5474916025876625,1.249832164899926,0.11243394990847015
0.911955983722223,0.5474915627032716,0.1469371466871846,0.10908561823834752
0.9119159532302998,0.5474915545127282,0.3604537237639989,0.10338527675244581
0.9118759227399162,0.5474915456099639,0.6149187194588654,0.0963497213546147
0.9118358922512003,0.5474915359949791,0.46944885804819414,0.1266116559397585
0.9117958617642806,0.5474915256677739,0.621045683544027,0.08999301211356495
0.9117558312792855,0.5474915146283479,0.7748304405245034,0.10217176115762504
0.9131569143952232,0.5475256565817895,-0.46294320926628385,0.14487204104939144
0.9127165698583343,0.5475257623547469,-1.4755041791828047,0.08135095207278208
0.9126765385280744,0.5475257676968169,-1.4855982431586088,0.05877990971632276
0.9126365071969165,0.5475257723266111,-1.3646180985154976,0.08020501964936552
0.9125964758649886,0.5475257762441293,-1.240985855528055,0.09570976099186117
0.9125564445324195,0.5475257794493719,-1.1409799324346692,0.08440902561013044
0.912516413199337,0.5475257819423381,-1.0452965785921182,0.0845904060574768
0.9124763818658697,0.5475257837230285,-1.0968342380923464,0.09689517411962603
0.9124363505321458,0.5475257847914428,-1.0138717369567283,0.11724603568126836
0.9123162565307172,0.5475257837230285,1.1533750766022122,0.08938412669296801
0.9122762251972499,0.5475257819423381,1.3597531831405032,0.11155295560788471
0.911955974554145,0.5475257420548812,0.048533045523558686,0.09331464941059842
0.9119159432287606,0.5475257338637084,0.4759073718385177,0.07466127261691535
0.9118759119049158,0.5475257249602596,0.6732834606408683,0.09168095651213849
0.9117958492623582,0.5475257050165367,0.8939496456668387,0.09720986032014452
0.9117558179439023,0.5475256939762623,0.7559498402706123,0.10878260720728151
0.911715786627499,0.5475256822237127,0.12604911104672417,0.1394984906660459
0.9116757553132766,0.5475256697588887,-0.23234379303450803,0.15239624620434977
0.9131569302316475,0.5475598359255519,-0.6673629593796183,0.15948069288762454
0.9126765443625494,0.5475599470491196,-1.4910050775026098,0.09236033662769123
0.9125564478664053,0.5475599588025782,-1.0800572191985158,0.11024205465769756
0.9125164156998266,0.547559961295736,-0.8828886252025709,0.10905423552381198
0.9124763835328628,0.547559963076563,-0.9495885402802867,0.13784637645981387
0.9124363513656423,0.5475599641450594,-1.1416383046288143,0.14770834213099596
0.9123162548637243,0.547559963076563,0.8839956390377528,0.09097442187726527
0.9119559653856851,0.5475599214052134,-0.2913531225784963,0.1581085018201774
0.9119159332268049,0.5475599132134107,0.33229230686105815,0.1436863921054583
0.9117558046079637,0.5475598733228988,0.39768084466605635,0.13003696372004936
0.9117157724580648,0.5475598615694461,0.09913055198911119,0.10041904746474085
0.9116757403103474,0.5475598491036638,-0.01942117453648183,0.12500589943442877
0.9132370120191645,0.5475939867725552,-0.2698068510584338,0.14392395675281325
0.9123162531966619,0.54759414242874,0.6674640537881305,0.13427790651277988
0.9117157582880407,0.5475940409138218,0.3727324673060212,0.13443445525450035
0.9116757253067933,0.5475940284470813,0.52798584596565,0.10162739361496417
0.9133571309298473,0.5476281180216573,0.8824097686563726,0.11347983444969122
0.9133170971308191,0.5476281347639872,1.2366499413240317,0.12227907088272207
0.9116757103026144,0.5476282077890613,0.5616054522415365,0.1568154314956706
0.913357150936244,0.5476622973552215,0.7554485090125451,0.11326383271942707
0.9116356448126465,0.547696553286226,0.19135651282311622,0.15368656703739225
0.9115956093353494,0.5476965393915144,0.43044089732287005,0.11986783113308108
0.9125564678732369,0.5477650348905102,-0.6248853426183151,0.15159068670584533
0.9115555388457717,0.5477648834504683,-0.7720390441865895,0.12341762461814225
0.9134373285736354,0.5478331583590876,0.22821318124434586,0.15763068730795982
0.9133972897787861,0.5478331765346698,0.43302218613921506,0.15268449228402306
0.913437350252645,0.5478673376791323,0.28563712463279894,0.10909932533252796
0.9133973106239894,0.5478673558561109,0.2180644591120791,0.11900079476652077
0.9133572709921242,0.5478673733202681,-0.10661846862391708,0.13935481671516484
0.9134774123917163,0.5479014981058506,0.5596108682441853,0.1236993901977145
0.9134373719325576,0.5479015169971007,0.39879530686144793,0.1388538168374602
0.913397331470061,0.5479015351754751,0.11662693456172532,0.14012580642914182
0.9134774349064074,0.5479356774202114,0.7797762573373069,0.12777002811702576
0.9133973523170008,0.5479357144926833,0.2456651455490653,0.1409612063625164
0.9133973731648088,0.5479698938076549,0.36436540265578227,0.15282355057967828
0.9133573310313159,0.547969911275837,0.23741256663255889,0.15466856679566418
0.9129569095480756,0.5479700467434263,-0.46779679497027876,0.09989295821414404
0.9129168673877459,0.5479700563687588,-0.3897369262237377,0.07172565258085876
0.9129168782290656,0.5480042356938987,-0.2760228422856171,0.08427794766580206
0.9134374586612387,0.5480382342466111,1.3526035579671687,0.15617591109765996
0.9133974148630304,0.5480382524305706,1.0950066130124352,0.1375279336558156
0.9129168890708368,0.5480384150166422,0.16339289260192655,0.158134093947445
0.9128368014094389,0.548038432130974,-1.2020514951806405,0.13708593053264587
0.9134374803456671,0.5480724135529991,1.519287809186104,0.14481935550023645
0.913397435713444,0.5480724317383547,0.9897333922477914,0.11200389582021564
0.91335739107801,0.5480724492105609,0.7948608110894281,0.08112182319237042
0.913317346439494,0.5480724659696176,0.6677302254195275,0.12477152116843349
0.9129168999130598,0.5480725943369105,1.023809126789757,0.1156472430957088
0.9128768552491147,0.5480726032513094,1.0806172209958673,0.1296529750883668
0.9134775474939318,0.5481065739568748,1.0028917212430484,0.15087519006543473
0.9133974565647258,0.5481066110435828,0.8803483353681029,0.12177269851495769
0.913357411095242,0.5481066285171304,0.8534101578781821,0.09965845511853644
0.9133173656226761,0.5481066452774739,0.6016449211214396,0.15151396991315103
0.9132773201471559,0.5481066613246125,0.6153243402523355,0.13799397162075824
0.9134775700142506,0.5481407532566203,0.7996266212154358,0.1381529692882169
0.9133974774168765,0.5481407903461758,1.0955670716548538,0.14735512343259982
0.9133574311133082,0.548140807821065,1.1903197344587182,0.129821012155417
0.9132372921846218,0.5481408559661768,0.7590744435589012,0.14375516870002886
0.9133174039914382,0.5481750038852007,1.1450539395159933,0.11401907878789719
0.9132773568477138,0.5481750199348036,0.9616326178522502,0.1361751808172939
0.913237344736435,0.5482433938724567,0.3880085334365375,0.15240187850431233
0.9132373622551656,0.5482775731687468,0.6144349106101739,0.15749872047384733
0.9133976025480237,0.5483458661019148,-1.3017756596039107,0.12352518046101603
0.9133575512392191,0.5483458835848535,-1.3145207352091293,0.1303393756634308
0.9133976234062557,0.5483800453838226,-1.3081683109554214,0.1344374195099737
0.9133575712631238,0.5483800628681033,1.5415496752654403,0.11395704968721415
0.9131973626610395,0.5483801256687978,1.234564287010599,0.12277978524117657
0.9134777502105799,0.5484141875501211,1.423109322865674,0.15509032904080264
0.9131973793483267,0.5484143049535926,1.1726190017643534,0.11311381867339432
0.9134777727393442,0.5484483668225532,-1.3298321337847723,0.1414217884635184
0.9133175766904348,0.5484826174723857,-1.0048403530748204,0.1405372290734315
0.9133576513670855,0.5485167799675601,-1.0750170600969415,0.10215350885702934
0.9133175958832098,0.5485167967433457,-1.1628015189880163,0.10984724663372504
0.9132374849067185,0.5485168281533316,0.730387556151518,0.14652728654417174
0.9131974294143598,0.5485168427875312,0.7321953447222879,0.14916009056861462
0.9133576713951619,0.5485509592336396,-1.2230456099008928,0.1486257738669439
